proc_keys,product_name
36200002506-raguoldworldstyletraditionalsauce24oz,"Ragu Old World Style Traditional Sauce, 24 oz."
36200002506-raguoldworldstyletraditionalsauce24oz,"Ragu Old World Style Traditional Sauce, 24 oz."
36200013694-raguclassicalfredosauce16oz,"Ragu Classic Alfredo Sauce, 16 oz."
78742351919-greatvaluedistilledwater1gallon,"Great Value Distilled Water, 1 Gallon"
78742351926-greatvaluepurifieddrinkingwater1gallon,"Great Value Purified Drinking Water, 1 Gallon"
78742351933-greatvaluespringwater1gal,"Great Value Spring Water, 1 gal"
27000442128-manwichoriginalsloppyjoesaucecannedsauce15oz,"Manwich Original Sloppy Joe Sauce, Canned Sauce, 15 OZ"
27000442128-manwichoriginalsloppyjoesaucecannedsauce15oz,"Manwich Original Sloppy Joe Sauce, Canned Sauce, 15 OZ"
16571910327-talkingrainbeverage933501917ozsparklingicekiwistrawberrycarbonatedwater,Talking Rain Beverage 9335019 17 oz Sparkling Ice Kiwi Strawberry Carbonated Water
9800895007-nutellachocolatehazelnutspreadperfecttoppingforpancakesgreatforholidayrecipes13ozpackagingmayvary,"Nutella Chocolate Hazelnut Spread, Perfect Topping for Pancakes, Great for Holiday Recipes, 13 oz (Packaging May Vary)"
78742017914-greatvalue100purepumpkin15oz,"Great Value 100% Pure Pumpkin, 15 oz"
39278322002-5packtigerbalmpainrelievingpatch,(5 Pack) Tiger Balm Pain Relieving Patch
41167053508-13ozgoldbonddiabeticsdryskinrelieflotion,13oz Gold Bond Diabetics' Dry Skin Relief Lotion
41167053508-13ozgoldbonddiabeticsdryskinrelieflotion,13oz Gold Bond Diabetics' Dry Skin Relief Lotion
78000152166-canadadrygingeralesoda12flozcans12pack,"Canada Dry Ginger Ale Soda, 12 fl oz cans, 12 pack"
78000152166-canadadrygingerale12floz12count,"Canada Dry Ginger Ale, 12 Fl Oz, 12 Count"
78000082166-drpeppersoda12flozcans12count,"Dr Pepper Soda, 12 Fl Oz Cans, 12 Count"
78000082166-drpeppersoda12flozcans12count,"Dr Pepper Soda, 12 Fl Oz Cans, 12 Count"
78000083163-dietdrpeppersoda12flozcans12pack,"Diet Dr Pepper Soda, 12 fl oz cans, 12 pack"
78000082463-drpeppersoda2lbottle,"Dr Pepper Soda, 2 L bottle"
78000083460-dietdrpeppersoda2lbottle,"Diet Dr Pepper Soda, 2 L bottle"
78000152463-canadadrygingeralesoda2lbottle,"Canada Dry Ginger Ale Soda, 2 L bottle"
78000000344-7uplemonlimesoda2lbottle,"7UP Lemon Lime Soda, 2 L bottle"
16571910327-sparklingice®naturallyflavoredsparklingwaterkiwistrawberry17floz,"Sparkling Ice® Naturally Flavored Sparkling Water, Kiwi Strawberry 17 Fl Oz"
16571910303-sparklingice®naturallyflavoredsparklingwaterblackraspberry17floz,"Sparkling Ice® Naturally Flavored Sparkling Water, Black Raspberry 17 Fl Oz"
33200011101-armhammerbakingsoda,Arm & Hammer Baking Soda
19800401092-dranomaxgelclogremover80oz,"Drano Max Gel Clog Remover, 80 oz"
33200011101-armhammerbakingsoda1lb,"Arm & Hammer Baking Soda, 1 lb."
44600015934-cloroxdisinfectingwipesbleachfreecleaningwipesfreshscent35ct,"Clorox Disinfecting Wipes, Bleach Free Cleaning Wipes - Fresh Scent, 35 ct"
48001213487-hellmannsrealmayonnaiserealmayoglutenfreemadewith100cagefreeeggs30oz,"Hellmann's Real Mayonnaise Real Mayo Gluten Free, Made With 100% Cage-Free Eggs 30 oz"
48001213487-hellmannsrealmayonnaiserealmayoglutenfreemadewith100cagefreeeggs30oz,"Hellmann's Real Mayonnaise Real Mayo Gluten Free, Made With 100% Cage-Free Eggs 30 oz"
13000004664-2packheinztomatoketchup38ozbottle,"(2 Pack) Heinz Tomato Ketchup, 38 oz Bottle"
13000004664-heinztomatoketchup38ozbottle,"Heinz Tomato Ketchup, 38 oz Bottle"
21000045129-velveetashellsandcheeseoriginalshellpastacheesesaucedinner3ctpack12ozboxes,"Velveeta Shells and Cheese Original Shell Pasta & Cheese Sauce Dinner, 3 ct Pack, 12 oz Boxes"
41000022869-knorrpastasidescheddarbroccolifusilli43oz,Knorr Pasta Sides Cheddar Broccoli Fusilli 4.3 oz
41000022531-knorrpastasidesalfredofettuccine44oz,Knorr Pasta Sides Alfredo Fettuccine 4.4 oz
41000022869-knorrpastasidescheddarbroccolifusilli43oz,Knorr Pasta Sides Cheddar Broccoli Fusilli 4.3 oz
41000022531-knorrpastasidesalfredofettuccine44oz,Knorr Pasta Sides Alfredo Fettuccine 4.4 oz
52100155203-mccormickmildchiliseasoningmixpacket125oz,"McCormick Mild Chili Seasoning Mix Packet, 1.25 oz"
43000034187-stovetopstuffingmixforturkey2ctpack6ozboxes,"Stove Top Stuffing Mix for Turkey, 2 ct Pack, 6 oz Boxes"
43000034187-stovetopstuffingmixforturkey2ctpack6ozboxes,"Stove Top Stuffing Mix for Turkey, 2 ct Pack, 6 oz Boxes"
43000955635-koolaidunsweetenedgrapeartificiallyflavoredpowdereddrinkmix014ozpacket,"Kool-Aid Unsweetened Grape Artificially Flavored Powdered Drink Mix, 0.14 oz. Packet"
78742114538-greatvaluerestaurantstylewhitecorntortillachips13oz,"Great Value Restaurant Style White Corn Tortilla Chips, 13 oz"
78742226835-greatvaluemountainlightningcitrussodapop2literbottle,"Great Value Mountain Lightning Citrus Soda Pop, 2 Liter, Bottle"
78742089621-clearamericanpineapplecoconutsparklingwater338flozbottle,"Clear American Pineapple Coconut Sparkling Water, 33.8 Fl Oz, Bottle"
78742271811-greatvalueslicedpotatoes1446oz,"Great Value Sliced Potatoes, 14.46 Oz"
78742271811-greatvalueslicedpotatoes1446oz,"Great Value Sliced Potatoes, 14.46 Oz"
605388187635-greatvaluecheesedipbreadstickssnacks1oz5count,"Great Value Cheese Dip & Breadsticks Snacks, 1 oz, 5 Count"
21000039340-tacobelloriginaltacoseasoningmix1ozpacket,"Taco Bell Original Taco Seasoning Mix, 1 oz Packet"
38000138416-pringlespotatocrispschipslunchsnackssnacksonthegooriginal52oz1can,"Pringles Potato Crisps Chips, Lunch Snacks, Snacks On The Go, Original, 5.2oz, 1 Can"
21000774364-kraftoriginalmacaroniandcheesedinner5ctpack725ozboxes,"Kraft Original Macaroni and Cheese Dinner, 5 ct Pack, 7.25 oz Boxes"
78742371870-greatvaluemushroomspiecesandstems4ozcan,"Great Value Mushrooms Pieces And Stems, 4 oz, Can"
78742062266-greatvalueyellowmustard20ozsqueezebottle,"Great Value Yellow Mustard, 20 oz Squeeze Bottle"
78742040011-4cansgreatvaluechunklighttunainwater5oz,"(4 Cans) Great Value Chunk Light Tuna in Water, 5 oz"
78742082752-greatvaluechunklighttunainwater5oz,"Great Value Chunk Light Tuna in Water, 5 oz"
78742370361-greatvaluebakingsoda16oz,"Great Value Baking Soda, 16 oz"
78742072760-greatvaluereducedsodiumchickenbroth32oz,"Great Value Reduced Sodium Chicken Broth, 32 oz"
78742254685-greatvalueitalianseasoning095oz,"Great Value Italian Seasoning, 0.95 Oz"
17082876317-jacklinksoriginalbeefjerky285oz,"Jack Link's Original Beef Jerky, 2.85 oz"
52100034911-mccormickoriginaltacoseasoningmix1oz,"McCormick Original Taco Seasoning Mix , 1 oz"
71100005516-hiddenvalleyoriginalranchsaladdressingtoppingglutenfree16ozbottle,"Hidden Valley Original Ranch Salad Dressing & Topping, Gluten Free - 16 oz Bottle"
71100005783-hiddenvalleyglutenfreeoriginalranchsaladdressingstopping24floz,"Hidden Valley Gluten-Free, Original Ranch Salad Dressings & Topping, 24 Fl Oz"
24000162896-delmontefrenchstylegreenbeanscannedvegetables145ozcan,"DEL MONTE French Style Green Beans, Canned Vegetables, 14.5 oz Can"
52100096902-mccormickaujusgravyseasoningmix1oz,"McCormick Au Jus Gravy Seasoning Mix, 1 oz"
52100091501-mccormickchiliseasoningmix125oz,"McCormick Chili Seasoning Mix, 1.25 oz"
78742113029-greatvaluerealbaconpieces25oz,"Great Value Real Bacon Pieces, 2.5 oz"
41500220208-frenchsoriginalcrispyfriedonions6oz,"French's Original Crispy Fried Onions, 6 oz"
52000208054-8bottlesgatoradethirstquenchersportsdrinklemonlime20floz,"(8 Bottles) Gatorade Thirst Quencher Sports Drink, Lemon Lime, 20 fl oz"
24000163022-delmontefreshcutgoldensweetwholekernelcorn1525ozcan,"DEL MONTE FRESH CUT Golden Sweet Whole Kernel Corn, 15.25 oz Can"
76410901374-lancesandwichcrackerstoastcheepeanutbutter8ctbox,"Lance Sandwich Crackers, ToastChee Peanut Butter, 8 Ct Box"
78742431048-greatvaluefrozenwholeberrymedley16oz,"Great Value Frozen Whole Berry Medley, 16 Oz"
78742369440-greatvaluecutgreenbeans145ozcan,"Great Value Cut Green Beans, 14.5 Oz Can"
78742209982-greatvaluepennepasta16oz,"Great Value Penne Pasta, 16 oz"
78742230511-greatvaluerigatoni16oz,"Great Value Rigatoni, 16 oz"
78742209999-greatvaluerotinipasta16oz,"Great Value Rotini Pasta, 16 oz"
78742054254-greatvaluecutgreenbeanscan28oz,"Great Value Cut Green Beans Can, 28 Oz"
78742237022-greatvaluethincrispycantinastyletortillachips13oz,"Great Value Thin & Crispy Cantina Style Tortilla Chips, 13 oz"
781138715164-onthebordermexicangrillcantinathinstortillachips16oz,"On the Border Mexican Grill & Cantina Thins Tortilla Chips, 16 Oz."
78742122052-greatvaluecanolaoil1gal,"Great Value Canola Oil, 1 gal"
78742210001-greatvaluevegetableoil1gal,"Great Value Vegetable Oil, 1 gal"
78742127088-greatvaluelargewhiteeggs18count,"Great Value Large White Eggs, 18 Count"
78742085494-greatvaluesoupoystercrackers9oz,"Great Value, Soup & Oyster Crackers, 9 oz"
78742020433-greatvaluevanillawafers11oz,"Great Value Vanilla Wafers, 11oz"
78742369457-greatvalueglutenfreefrenchstylegreenbeans1425ozcan,"Great Value Gluten-Free French Style Green Beans, 14.25 Oz Can"
78742228037-greatvaluepuregranulatedsugar4lb,"Great Value Pure Granulated Sugar, 4 lb"
38000138577-pringlespotatocrispschipslunchsnacksonthegosnackscheddarcheese55oz1can,"Pringles Potato Crisps Chips, Lunch Snacks, On The Go Snacks, Cheddar Cheese, 5.5oz, 1 Can"
78742372198-greatvalueconfectionerspowderedsugar32oz,"Great Value Confectioners Powdered Sugar, 32 oz"
78742372211-greatvaluelightbrownsugar2lb,"Great Value Light Brown Sugar, 2 Lb"
78742431673-greatvaluecanolaoil48floz,"Great Value Canola Oil, 48 fl oz"
78742094595-greatvaluemandarinorangesinlightsyrup15oz,"Great Value Mandarin Oranges in Light Syrup, 15 oz"
605388187925-greatvaluespaghettiringspastawithmeatballsintomatosauce15oz,"Great Value Spaghetti Rings Pasta with Meatballs in Tomato Sauce, 15 oz"
78742125770-clearamericaniceblackraspberrysparklingjuice17flozbottle,"Clear American Ice Black Raspberry Sparkling Juice, 17 Fl Oz Bottle"
78742429540-greatvaluecolasodapop2litrebottle,"Great Value Cola Soda Pop, 2 Litre Bottle"
78742229713-greatvaluecaffeinefreegingerale2litrebottle,"Great Value Caffeine-Free Ginger Ale, 2 Litre Bottle"
78742226583-samscoladietsodapop2litrebottle,"Sams Cola Diet Soda Pop, 2 Litre Bottle"
78742371931-greatvalueslicedmushrooms4ozcan,"Great Value Sliced Mushrooms, 4 oz, Can"
78742051727-clearamericanfujiapplesparklingwater338floz,"Clear American Fuji Apple Sparkling Water, 33.8 fl oz"
78742074047-greatvalueclassicalfredopastasauce16oz,"Great Value Classic Alfredo Pasta Sauce, 16 oz"
78742025018-clearamericancherrylimeadesparklingwater338flozbottle,"Clear American Cherry Limeade Sparkling Water, 33.8 Fl Oz, Bottle"
50000010516-nestlecarnationevaporatedmilkvitamindadded5floz,"Nestle Carnation Evaporated Milk, Vitamin D Added 5 fl oz."
78742369525-greatvaluetomatosauce15oz,"Great Value Tomato Sauce, 15 oz"
78742209760-samscolasodapop12floz12packcans,"Sams Cola Soda Pop, 12 Fl Oz, 12 Pack Cans"
78742206240-clearamericansparklingwaterwhitegrape338floz,"Clear American Sparkling Water, White Grape, 33.8 fl oz"
78742206257-clearamericanblackcherrysparklingwater338floz,"Clear American Black Cherry Sparkling Water, 33.8 fl oz"
681131780964-clearamericansparklingwaterwildcherry338floz,"Clear American Sparkling Water, Wild Cherry, 33.8 fl oz"
78742429632-clearamericansparklingwaterkeylime338floz,"Clear American Sparkling Water, Key Lime 33.8 fl oz"
78742430157-samscolasodapop12floz24packcans,"Sams Cola Soda Pop, 12 Fl Oz, 24 Pack Cans"
78742072531-greatvaluehoneygrahamcrackers144oz,"Great Value Honey Graham Crackers, 14.4 oz"
78742088945-clearamericanlemonsparklingwater338flozbottle,"Clear American Lemon Sparkling Water, 33.8 Fl Oz, Bottle"
78742206226-clearamericanpeachsparklingwater338floz,"Clear American Peach Sparkling Water, 33.8 fl oz"
78742000206-greatvaluetraditionalpastasauce24oz,"Great Value Traditional Pasta Sauce, 24 oz"
21000658831-kraftoriginalmacaroniandcheesedinner725ozbox,"Kraft Original Macaroni and Cheese Dinner, 7.25 oz Box"
78742369433-greatvaluenosaltaddedcutgreenbeans145oz,"Great Value No Salt Added Cut Green Beans, 14.5 Oz"
78742369426-greatvaluewholegreenbeans145ozcan,"Great Value Whole Green Beans, 14.5 oz, Can"
78742369396-greatvaluegoldensweetwholekernelcorn145oz,"Great Value Golden Sweet Whole Kernel Corn, 14.5 oz"
64144043064-chefboyardeeminibeefraviolimicrowavepasta15oz,"Chef Boyardee Mini Beef Ravioli, Microwave Pasta, 15 Oz"
78742228679-greatvaluegardenrotinipasta16oz,"Great Value Garden Rotini Pasta, 16 Oz"
64144043156-chefboyardeebeefravioliintomatosaucemicrowavepasta15oz,"Chef Boyardee Beef Ravioli in Tomato Sauce, Microwave Pasta, 15 Oz"
16000503304-bettycrockersuddenlypastasaladclassicpastasalad775oz,"Betty Crocker Suddenly Pasta Salad, Classic Pasta Salad, 7.75 oz"
78742085845-greatvaluefettuccine16oz,"Great Value Fettuccine, 16 oz"
78742370064-greatvalueallpurposeflour5lbbag,"Great Value All-Purpose Flour, 5LB Bag"
78742110684-greatvaluesweetpeascannedsweetpeas15ozcan,"Great Value Sweet Peas, Canned Sweet Peas, 15 oz Can"
64144043026-chefboyardeebeefaroni15oz,"Chef Boyardee Beefaroni, 15 oz"
78742094212-greatvaluecreamstylesweetcorn1475oz,"Great Value Cream Style Sweet Corn, 14.75 Oz"
64144043224-chefboyardeespaghettiandmeatballsmicrowavepasta145oz,"Chef Boyardee Spaghetti and Meatballs, Microwave Pasta, 14.5 Oz"
78742119151-greatvaluemarshmallows10oz,"Great Value Marshmallows, 10 oz"
49200045503-dominopremiumpurecanegranulatedsugar4lb,"Domino Premium Pure Cane Granulated Sugar, 4 lb"
78742370378-greatvalueevaporatedmilk12floz,"Great Value Evaporated Milk, 12 Fl Oz"
21000658831-kraftoriginalmacaroniandcheesedinner725ozbox,"Kraft Original Macaroni and Cheese Dinner, 7.25 oz Box"
21000658930-velveetashellsandcheeseoriginalshellpastacheesesaucedinner12ozbox,"Velveeta Shells and Cheese Original Shell Pasta & Cheese Sauce Dinner, 12 oz Box"
78742229539-greatvalue100applejuice96floz,"Great Value 100% Apple Juice, 96 Fl. Oz."
37100036622-libbyswholekernelsweetcorn1525oz,"Libby's Whole Kernel Sweet Corn, 15.25 Oz"
37297914475-masecaglutenfreeinstantcornmasaflour44lbbag,"Maseca Gluten Free Instant Corn Masa Flour, 4.4 lb Bag"
78742086774-greatvaluenosaltaddedsweetpeascannedsweetpeas15ozcan,"Great Value No Salt Added Sweet Peas, Canned Sweet Peas, 15 oz Can"
21000658930-velveetashellsandcheeseoriginalshellpastacheesesaucedinner12ozbox,"Velveeta Shells and Cheese Original Shell Pasta & Cheese Sauce Dinner, 12 oz Box"
78742369556-greatvaluetomatopaste6oz,"Great Value Tomato Paste, 6 oz"
41789002175-maruchanshrimpflavorramennoodlesoup3oz,"Maruchan Shrimp Flavor Ramen Noodle Soup, 3 oz"
78742369501-greatvaluetomatosauce8oz,"Great Value Tomato Sauce, 8 oz"
78742369990-greatvaluecreamypeanutbutter18ounces,"Great Value Creamy Peanut Butter, 18 ounces"
80000495242-starkist®chunklighttunainwater26ozpouchseafood,StarKist® Chunk Light Tuna In Water - 2.6oz Pouch seafood
78742369594-greatvalueslicedpeachesin100juice15oz,"Great Value Sliced Peaches in 100% Juice, 15 Oz"
80000006738-starkist®chunklighttunainwater5ozcan,StarKist® Chunk Light Tuna in Water - 5 oz Can
21000026326-kraftrealmayocreamysmoothmayonnaise,Kraft Real Mayo Creamy & Smooth Mayonnaise
21000026326-kraftrealmayocreamysmoothmayonnaise30flozjar,"Kraft Real Mayo Creamy & Smooth Mayonnaise, 30 fl oz Jar"
21000026494-12packmiraclewhiporiginaldressing30flozjar,"(12 Pack) Miracle Whip Original Dressing, 30 Fl Oz Jar"
13000798402-heinzhomestyleroastedturkeygravyvaluesize18ozjar,"Heinz HomeStyle Roasted Turkey Gravy Value Size, 18 oz Jar"
21000026494-miraclewhipdressing30flozjar,"Miracle Whip Dressing, 30 fl oz Jar"
43000285213-stovetopstuffingmixforchicken6ozbox,"Stove Top Stuffing Mix for Chicken, 6 oz Box"
43000285213-stovetopstuffingmixforchicken6ozbox,"Stove Top Stuffing Mix for Chicken, 6 oz Box"
52100090306-mccormickturkeygravyseasoningmix087oz,"McCormick Turkey Gravy Seasoning Mix, 0.87 oz"
52100090306-mccormickturkeygravyseasoningmix087oz,"McCormick Turkey Gravy Seasoning Mix, 0.87 oz"
78742230610-walmartgreatvaluethickcreamymacaronicheese725oz,"Walmart Great Value Thick & Creamy Macaroni & Cheese, 7.25 oz"
78742433134-greatvaluepremiumoriginalshellscheese12oz,"Great Value Premium Original Shells & Cheese, 12 oz"
28000215804-nestletollhousesemisweetchocolatechips12oz,Nestle Toll House Semi Sweet Chocolate Chips 12 oz.
41789001154-maruchaninstantlunchlimechiliflavorwshrimpinstantlunch225oz,"Maruchan Instant Lunch Lime Chili Flavor w/Shrimp Instant Lunch, 2.25 oz"
52000208078-8bottlesgatoradethirstquenchersportsdrinkorange20floz,"(8 Bottles) Gatorade Thirst Quencher Sports Drink, Orange, 20 fl oz"
78742020624-greatvaluechickenbroth32oz,"Great Value Chicken Broth, 32 Oz."
51000233141-campbellsspaghettios pastawithmeatballs156ounce can,"Campbell's SpaghettiOs Pasta with Meatballs, 15.6 Ounce Can"
52000208443-8bottlesgatoradethirstquenchersportsdrinkcoolblue20floz,"(8 Bottles) Gatorade Thirst Quencher Sports Drink, Cool Blue, 20 fl oz"
78742020631-greatvaluebeefbroth32oz,"Great Value Beef Broth, 32 oz"
74471017201-cafébusteloespressostyledarkroastgroundcoffeevacuumpacked10ozbrick,"Café Bustelo, Espresso Style Dark Roast Ground Coffee, Vacuum-Packed 10 oz. Brick"
78742236193-greatvaluechocolatealmondbark24oz,"Great Value Chocolate Almond Bark, 24 oz"
78742351872-greatvalue2reducedfatmilkgallon128floz,"Great Value 2% Reduced Fat Milk, Gallon, 128 fl oz"
78742351865-greatvaluewholevitamindmilkgallon128floz,"Great Value Whole Vitamin D Milk, Gallon, 128 fl oz"
78742236209-greatvaluealmondbarkvanilla24oz,"Great Value Almond Bark, Vanilla, 24 oz"
78742233406-greatvaluefamilydisposablepapernapkinswhite250count,"Great Value Family Disposable Paper Napkins, White, 250 Count"
17000009469-armourchickenporkpottedmeat3ozcan,Armour Chicken & Pork Potted Meat 3 oz Can
41789002328-maruchanramennoodlebeefflavorsoup3oz12count,"Maruchan Ramen Noodle Beef Flavor Soup, 3 Oz, 12 Count"
28000517809-nestlelalecherasweetenedcondensedmilk14oz,Nestle La Lechera Sweetened Condensed Milk 14 oz.
50000103683-purinafriskieswetcatfoodshredswithoceanwhitefishtunainsauce55ozcan,"Purina Friskies Wet Cat Food, Shreds With Ocean Whitefish & Tuna in Sauce - 5.5 oz. Can"
24100440702-cheezitcheesecrackersbakedsnackcrackersofficeandkidssnacksoriginal21oz1box,"Cheez-It Cheese Crackers, Baked Snack Crackers, Office and Kids Snacks, Original, 21oz, 1 Box"
70662087237-nissinteriyakibeefflavorchowmeinnoodles4oz,"Nissin Teriyaki Beef Flavor Chow Mein Noodles, 4 oz"
44000027346-nillawafersvanillawafercookies11oz,"Nilla Wafers Vanilla Wafer Cookies, 11 oz"
78742088198-greatvaluenoaddedsweeteners100applejuice64floz,"Great Value No Added Sweeteners 100% Apple Juice, 64 Fl. Oz."
78742001012-greatvaluechunkchickenbreastinwater5ozcan,"Great Value Chunk Chicken Breast, in Water, 5 oz Can"
49000024708-spritecaffeinefreelemonlimesodapop169floz6packbottles,"Sprite Caffeine-Free Lemon Lime Soda Pop, 16.9 Fl Oz, 6 Pack Bottles"
888109110109-hostesstwinkiescakes10count1358oz,"Hostess Twinkies Cakes, 10 count, 13.58 oz"
78742353388-greatvalueiodizedsalt26oz,"Great Value Iodized Salt, 26 oz"
39000086691-libbyschickenviennasausage46ozcan,"Libby's Chicken Vienna Sausage, 4.6 oz Can"
52100098609-mccormickbrowngravymix087oz,"McCormick Brown Gravy Mix, 0.87 oz"
16000430549-bettycrockersupermoistyellowcakemix1525oz,"Betty Crocker Super Moist Yellow Cake Mix, 15.25 oz"
50000445691-friskiesgravywetcatfoodshredschickensalmondinneringravy55ozcan,"Friskies Gravy Wet Cat Food, Shreds Chicken & Salmon Dinner in Gravy - 5.5 oz. Can"
50000836123-fancyfeastgravywetcatfoodgrilledtunafeast3ozcan,"Fancy Feast Gravy Wet Cat Food, Grilled Tuna Feast, 3 oz. Can"
50000170166-purinafriskieswetcatfoodprimefiletswithoceanwhitefishtunainsauce55ozcan,"Purina Friskies Wet Cat Food, Prime Filets With Ocean Whitefish & Tuna in Sauce - 5.5 oz. Can"
50000425044-purinafriskiespatewetcatfoodmarinerscatch55ozcan,"Purina Friskies Pate Wet Cat Food, Mariner's Catch - 5.5 oz. Can"
13000799102-heinzhomestyleroastedturkeygravy12ozjar,"Heinz HomeStyle Roasted Turkey Gravy, 12 oz Jar"
16000409811-bettycrockersupermoistwhitecakemix1625ozbox,"Betty Crocker Super Moist White Cake Mix, 16.25 oz Box"
78742370088-greatvalueoriginalsyrup24floz,"Great Value Original Syrup, 24 fl oz"
78742352961-greatvaluevegetableoil48floz,"Great Value Vegetable Oil, 48 fl oz"
14800000108-mottsapplesauce4ozcups6count,"Mott's Applesauce, 4 oz cups, 6 count"
43000285558-stovetopstuffingmixforturkey6ozbox,"Stove Top Stuffing Mix for Turkey, 6 oz Box"
31200016058-oceansprayjelliedcranberrysauce14ozcan,"Ocean Spray Jellied Cranberry Sauce, 14 oz Can"
50000170180-24packfriskiesgravywetcatfoodprimefiletswithchicken55ozcans,"(24 Pack) Friskies Gravy Wet Cat Food, Prime Filets With Chicken, 5.5 oz. Cans"
78742369693-greatvaluepineapplechunks20oz,"Great Value Pineapple Chunks, 20 Oz"
51000025494-pregopastasaucetraditionalitaliantomatosauce24ouncejar,"Prego Pasta Sauce, Traditional Italian Tomato Sauce, 24 Ounce Jar"
50000421541-purinafriskiespatewetcatfoodpatemixedgrill55ozcan,"Purina Friskies Pate Wet Cat Food, Pate Mixed Grill - 5.5 oz. Can"
50000424948-friskiespatewetcatfoodoceanwhitefishtunadinner55ozcan,"Friskies Pate Wet Cat Food, Ocean Whitefish & Tuna Dinner, 5.5 oz. Can"
21000658978-kraftspiralsoriginalmacaroniandcheesedinner55ozbox,"Kraft Spirals Original Macaroni and Cheese Dinner, 5.5 oz Box"
50000429042-fancyfeastgrainfreepatewetcatfoodtenderliverchickenfeast3ozcan,"Fancy Feast Grain Free Pate Wet Cat Food, Tender Liver & Chicken Feast, 3 oz. Can"
50000429448-fancyfeastgrainfreepatewetcatfoodclassicpatesavorysalmonfeast3ozcan,"Fancy Feast Grain Free Pate Wet Cat Food, Classic Pate Savory Salmon Feast, 3 oz. Can"
50000412204-purinafriskiesgravywetcatfoodshredsturkeycheesedinner55ozcan,"Purina Friskies Gravy Wet Cat Food, Shreds Turkey & Cheese Dinner - 5.5 oz. Can"
50000421848-purinafriskiespatewetcatfoodturkeygibletsdinner55ozcan,"Purina Friskies Pate Wet Cat Food, Turkey & Giblets Dinner - 5.5 oz. Can"
76808280081-barillaclassicspaghettipasta16ozbox,"Barilla Classic Spaghetti Pasta, 16 oz Box"
74471017201-cafébusteloespressostyledarkroastgroundcoffeevacuumpacked10ozbrick,"Café Bustelo, Espresso Style Dark Roast Ground Coffee, Vacuum-Packed 10 oz. Brick"
21000045129-velveetashellsandcheeseoriginalshellpastacheesesaucedinner3ctpack12ozboxes,"Velveeta Shells and Cheese Original Shell Pasta & Cheese Sauce Dinner, 3 ct Pack, 12 oz Boxes"
13000799102-heinzhomestyleroastedturkeygravy12ozjar,"Heinz HomeStyle Roasted Turkey Gravy, 12 oz Jar"
37297914475-masecaglutenfreeinstantcornmasaflour44lbbag,"Maseca Gluten Free Instant Corn Masa Flour, 4.4 lb Bag"
51000232830-campbellsspaghettiosoriginal158ozcan,"Campbell's SpaghettiOs Original, 15.8 oz Can"
24300041563-littledebbievanillachristmastreecakesfamilypack852oz5count,"Little Debbie Vanilla Christmas Tree Cakes, Family Pack, 8.52 oz, 5 Count"
43000955475-koolaidunsweetenedblueraspberrylemonadeartificiallyflavoredpowdereddrinkmix022ozpacket,"Kool-Aid Unsweetened Blue Raspberry Lemonade Artificially Flavored Powdered Drink Mix, 0.22 oz. Packet"
21000774364-kraftoriginalmacaroniandcheesedinner5ctpack725ozboxes,"Kraft Original Macaroni and Cheese Dinner, 5 ct Pack, 7.25 oz Boxes"
87684001073-caprisunfruitpunchflavoredjuicedrinkblend10ctpouches600flozbox,"Capri Sun Fruit Punch Flavored Juice Drink Blend, 10 ct - Pouches, 60.0 fl oz Box"
43000955673-3packkoolaidunsweetenedblackcherrypowderedsoftdrink013ozenvelope,"(3 Pack) Kool-Aid Unsweetened Black Cherry Powdered Soft Drink, 0.13 oz Envelope"
43000059043-koolaidunsweetenedsharkleberryfinstrawberryorangepunchartificiallyflavoredpowderedsoftdrinkmix016ozpacket,"Kool-Aid Unsweetened Sharkleberry Fin Strawberry Orange Punch Artificially Flavored Powdered Soft Drink Mix, 0.16 oz Packet"
87684000991-caprisunstrawberrykiwinaturallyflavoredjuicedrinkblend10ctbox6flozpouches,"Capri Sun Strawberry Kiwi Naturally Flavored Juice Drink Blend, 10 ct Box, 6 fl oz Pouches"
21000612239-philadelphiaoriginalcreamcheese8ozbrick,"Philadelphia Original Cream Cheese, 8 oz Brick"
21000653713-kraftthickncreamymacaroniandcheesedinner725ozbox,"Kraft Thick 'n Creamy Macaroni and Cheese Dinner, 7.25 oz Box"
87684000953-caprisunpacificcoolermixedfruitflavoredjuicedrinkblend10ctpouches600flozbox,"Capri Sun Pacific Cooler Mixed Fruit Flavored Juice Drink Blend, 10 ct - Pouches, 60.0 fl oz Box"
43000955673-koolaidunsweetenedblackcherryartificiallyflavoredpowderedsoftdrinkmix013ozpacket,"Kool-Aid Unsweetened Black Cherry Artificially Flavored Powdered Soft Drink Mix, 0.13 oz Packet"
21000040247-philadelphiaoriginalcreamcheese2ctpack8ozbricks,"Philadelphia Original Cream Cheese, 2 ct Pack, 8 oz Bricks"
43000028254-koolaidjammerstropicalpunchartificiallyflavoredsoftdrink10ctbox6flozpouches,"Kool-Aid Jammers Tropical Punch Artificially Flavored Soft Drink, 10 ct Box, 6 fl oz Pouches"
43000059043-koolaidunsweetenedsharkleberryfinstrawberryorangepunchartificiallyflavoredpowderedsoftdrinkmix016ozpacket,"Kool-Aid Unsweetened Sharkleberry Fin Strawberry Orange Punch Artificially Flavored Powdered Soft Drink Mix, 0.16 oz Packet"
43000955475-koolaidunsweetenedblueraspberrylemonadeartificiallyflavoredpowdereddrinkmix022ozpacket,"Kool-Aid Unsweetened Blue Raspberry Lemonade Artificially Flavored Powdered Drink Mix, 0.22 oz. Packet"
43000955697-koolaidunsweetenedlemonadenaturallyflavoredpowderedsoftdrinkmix023ozpacket,"Kool-Aid Unsweetened Lemonade Naturally Flavored Powdered Soft Drink Mix, 0.23 oz Packet"
87684000953-caprisunpacificcoolermixedfruitnaturallyflavoredjuicedrinkblend10ctbox6flozpouches,"Capri Sun Pacific Cooler Mixed Fruit Naturally Flavored Juice Drink Blend, 10 ct Box, 6 fl oz Pouches"
87684001073-caprisunfruitpunchnaturallyflavoredjuicedrinkblend10ctbox6flozpouches,"Capri Sun Fruit Punch Naturally Flavored Juice Drink Blend, 10 ct Box, 6 fl oz Pouches"
78000003864-drpeppersoda5lbottles6pack,"Dr Pepper Soda, .5 L bottles, 6 pack"
78742229539-greatvalue100applejuice96floz,"Great Value 100% Apple Juice, 96 Fl. Oz."
78742228037-greatvaluepuregranulatedsugar4lb,"Great Value Pure Granulated Sugar, 4 lb"
78742351414-greatvalueoriginalsaltinecrackers16oz4count,"Great Value Original Saltine Crackers, 16 oz, 4 Count"
39000045049-libbys100purecannedpumpkin15oz,Libby's 100% Pure Canned Pumpkin 15 oz.
39000045049-libbys100purecannedpumpkin15oz,Libby's 100% Pure Canned Pumpkin 15 oz.
70470003078-yoplaitoriginalharvestpeachglutenfreelowfatyogurt6ozcup,"Yoplait Original Harvest Peach Gluten-Free Low-Fat Yogurt, 6 oz. Cup"
38900001438-dolepineappleslicesin100pineapplejuicecannedpineapple20oz,"Dole Pineapple Slices in 100% Pineapple Juice, Canned Pineapple, 20 oz"
38900001438-dolepineappleslicesin100pineapplejuicecannedpineapple20oz,"Dole Pineapple Slices in 100% Pineapple Juice, Canned Pineapple, 20 oz"
78742110554-greatvaluelightredkidneybeans155oz,"Great Value Light Red Kidney Beans, 15.5 Oz"
78742110554-greatvaluelightredkidneybeans155oz,"Great Value Light Red Kidney Beans, 15.5 Oz"
78742017914-greatvalue100purepumpkin15oz,"Great Value 100% Pure Pumpkin, 15 oz"
46500733321-gladeroomsprayairfreshener8ouncecleanlinensingle,"Glade Room Spray Air Freshener, 8 Ounce, Clean Linen, Single"
51000024312-swansonchickenbroth145ouncecan,"Swanson Chicken Broth, 14.5 Ounce Can"
49000024708-spritecaffeinefreelemonlimesodapop169floz6packbottles,"Sprite Caffeine-Free Lemon Lime Soda Pop, 16.9 Fl Oz, 6 Pack Bottles"
24300041013-littledebbieoatmealcremepies12ct162oz,"Little Debbie Oatmeal Creme Pies, 12 ct, 16.2 oz"
24300041204-littledebbienuttybuddywaferbars12ct120oz,"Little Debbie Nutty Buddy Wafer Bars, 12 ct, 12.0 oz"
49000010633-dietcokecolasodapop12floz24packcans,"Diet Coke Cola Soda Pop, 12 Fl Oz, 24 Pack Cans"
42800435897-totinospepperonipartypizzapackfrozenpizza4count,"Totino's Pepperoni Party Pizza Pack! Frozen Pizza, 4 count"
50000303021-coffeematetheoriginalpowdercoffeecreamer353ozcanisternondairylactosefreeglutenfreecreamer,"COFFEE MATE The Original Powder Coffee Creamer 35.3 Oz. Canister | Non-dairy, Lactose Free, Gluten Free Creamer"
50000303021-nestlecoffeemateoriginalpowderedcoffeecreamer353oz,Nestle Coffee mate Original Powdered Coffee Creamer 35.3 oz.
12000504051-pepsicolasodapop169floz6packbottles,"Pepsi Cola Soda Pop, 16.9 Fl Oz, 6 Pack Bottles"
78742065311-greatvaluemayonnaise30flozjar,"Great Value Mayonnaise, 30 Fl Oz Jar"
78742065311-greatvaluemayonnaise30flozjar,"Great Value Mayonnaise, 30 Fl Oz Jar"
12000809941-pepsicolasodapop12floz12packcans,"Pepsi Cola Soda Pop, 12 Fl Oz, 12 Pack Cans"
12000504051-pepsicolasodapop169floz6packbottles,"Pepsi Cola Soda Pop, 16.9 Fl Oz, 6 Pack Bottles"
12000809941-pepsicolasodapop12floz12packcans,"Pepsi Cola Soda Pop, 12 Fl Oz, 12 Pack Cans"
29700001414-idahoanbutteryhomestylemashedpotatoes4ozpouch,"Idahoan Buttery Homestyle Mashed Potatoes, 4 oz Pouch"
78742369433-greatvaluenosaltaddedcutgreenbeans145oz,"Great Value No Salt Added Cut Green Beans, 14.5 Oz"
31200016058-oceansprayjelliedcranberrysauce14ozcan,"Ocean Spray Jellied Cranberry Sauce, 14 oz Can"
78742114538-greatvaluerestaurantstylewhitecorntortillachips13oz,"Great Value Restaurant Style White Corn Tortilla Chips, 13 oz"
78742352558-greatvaluedistilledwhitevinegar128floz,"Great Value Distilled White Vinegar, 128 fl oz"
24100106851-cheezitcheesecrackersbakedsnackcrackersofficeandkidssnacksoriginal124oz1box,"Cheez-It Cheese Crackers, Baked Snack Crackers, Office and Kids Snacks, Original, 12.4oz, 1 Box"
51000012616-campbellscondensedcreamofmushroomsoup105ouncecan,"Campbell's Condensed Cream of Mushroom Soup, 10.5 Ounce Can"
24100106851-cheezitcheesecrackersbakedsnackcrackersofficeandkidssnacksoriginal124oz1box,"Cheez-It Cheese Crackers, Baked Snack Crackers, Office and Kids Snacks, Original, 12.4oz, 1 Box"
28400596688-cheetospuffcheeseflavoredsnack8oz,"Cheetos Puff Cheese Flavored Snack, 8 oz"
28400596688-cheetospuffcheeseflavoredsnack8oz,"Cheetos Puff Cheese Flavored Snack, 8 oz"
39000045124-libbys100purecannedpumpkin29oz,Libby's 100% Pure Canned Pumpkin 29 oz.
44000031138-ritzfreshstacksoriginalcrackers8count118oz,"Ritz Fresh Stacks Original Crackers, 8 Count, 11.8 Oz"
49000012781-cocacolaoriginalsodapop12floz24packcans,"Coca-Cola Original Soda Pop, 12 Fl Oz, 24 Pack Cans"
39000045124-libbys100purecannedpumpkin29oz,Libby's 100% Pure Canned Pumpkin 29 oz.
44000031138-ritzfreshstacksoriginalcrackers8count118oz,"Ritz Fresh Stacks Original Crackers, 8 Count, 11.8 Oz"
44000882105-ritzpeanutbuttersandwichcrackers8138ozsnackpacks,"RITZ Peanut Butter Sandwich Crackers, 8 - 1.38 oz Snack Packs"
44000882105-ritzpeanutbuttersandwichcrackers8138ozsnackpacks,"RITZ Peanut Butter Sandwich Crackers, 8 - 1.38 oz Snack Packs"
78742369686-greatvaluepineappleslicesin100juice20oz,"Great Value Pineapple Slices in 100% Juice, 20 Oz"
28000517809-nestlelalecherasweetenedcondensedmilk14oz,Nestle La Lechera Sweetened Condensed Milk 14 oz.
50000010110-nestlecarnationevaporatedmilkvitamindadded132oz,"Nestle Carnation Evaporated Milk, Vitamin D Added 13.2 oz."
28000215804-nestletollhousesemisweetchocolatechips12oz,Nestle Toll House Semi Sweet Chocolate Chips 12 oz.
50000159918-nestlecarnationlowfat2evaporatedmilk12floz,Nestle Carnation Lowfat 2% Evaporated Milk 12 fl oz.
28000517205-nestlemediacrematablecream76floz,Nestle Media Crema Table Cream 7.6 fl oz.
13800103406-stouffersmacaronicheesefrozenmeal12oz,Stouffer's Macaroni & Cheese Frozen Meal 12 oz.
28000517205-nestlemediacrematablecream76floz,Nestle Media Crema Table Cream 7.6 fl oz.
50000010110-nestlecarnationevaporatedmilkvitamindadded132oz,"Nestle Carnation Evaporated Milk, Vitamin D Added 13.2 oz."
50000159918-nestlecarnationlowfat2evaporatedmilk12floz,Nestle Carnation Lowfat 2% Evaporated Milk 12 fl oz.
39400016144-bushsoriginalbakedbeanscanned28oz,"BUSH'S Original Baked Beans, Canned, 28 oz"
52000338775-gatoradethirstquenchersportsdrinklemonlime32ozbottle,"Gatorade Thirst Quencher Sports Drink, Lemon Lime, 32 oz Bottle"
52000208085-gatoradefrostthirstquenchersportsdrinkglacierfreeze20ozbottles8count,"Gatorade Frost Thirst Quencher Sports Drink, Glacier Freeze, 20 oz Bottles, 8 Count"
24300041020-littledebbiehoneybuns6ct106oz,"Little Debbie Honey Buns, 6 ct, 10.6 oz"
52000104073-gatoradefiercegreenappledrink32floz,"Gatorade Fierce Green Apple Drink, 32 Fl. Oz."
52000132243-gatoradethirstquencherlimecucumberdrink32floz,"Gatorade Thirst Quencher Lime Cucumber Drink, 32 Fl. Oz."
52000338751-gatoradethirstquencherfruitpunchsportsdrink32floz,"Gatorade Thirst Quencher Fruit Punch Sports Drink, 32 Fl. Oz."
52000320169-gatoradethirstquencherfrostglacierfreezesportsdrink32floz,"Gatorade Thirst Quencher Frost Glacier Freeze Sports Drink, 32 Fl. Oz."
41800716005-welchsnonalcoholicsparklingjuicecocktailredgrape254flozbottle,"Welch's Non-Alcoholic Sparkling Juice Cocktail, Red Grape, 25.4 fl oz Bottle"
31200016034-oceanspraywholeberrycranberrysauce14oz,"Ocean Spray Whole Berry Cranberry Sauce, 14 oz"
31200016034-oceanspraywholeberrycranberrysauce14oz,"Ocean Spray Whole Berry Cranberry Sauce, 14 oz"
80000495242-starkist®chunklighttunainwater26ozpouchseafood,StarKist® Chunk Light Tuna In Water - 2.6oz Pouch seafood
24600010016-mortonsaltplain26ounce,"Morton Salt, Plain, 26 Ounce"
24600010016-mortonsaltplain26ounce,"Morton Salt, Plain, 26 Ounce"
16000509405-bettycrockersuddenlypastasaladranchandbacondrymeals75oz,"Betty Crocker Suddenly Pasta Salad, Ranch and Bacon, Dry Meals, 7.5 oz"
78742075761-greatvalueblackbeans1525ozcan,"Great Value Black Beans, 15.25 oz Can"
39400019749-bushscountrystylebakedbeansplantbasedproteincannedbeans28oz,"BUSH'S Country Style Baked Beans, Plant Based Protein, Canned Beans, 28 oz"
78742369990-greatvaluecreamypeanutbutter18ounces,"Great Value Creamy Peanut Butter, 18 ounces"
78742433523-greatvaluedicedtomatoesintomatojuice145oz,"Great Value Diced Tomatoes In Tomato Juice, 14.5 Oz"
37100033188-libbyscutgreenbeans145ozcan,"Libby's Cut Green Beans, 14.5 Oz Can"
44000004637-honeymaidhoneygrahamcrackers144oz,"Honey Maid Honey Graham Crackers, 14.4 Oz"
75720334117-polandspringbrand100naturalspringwater1014ounceplasticjug,"POLAND SPRING Brand 100% Natural Spring Water, 101.4-ounce plastic jug"
17082876317-jacklinksoriginalbeefjerky285oz,"Jack Link's Original Beef Jerky, 2.85 oz"
78742230610-walmartgreatvaluethickcreamymacaronicheese725oz,"Walmart Great Value Thick & Creamy Macaroni & Cheese, 7.25 oz"
50000429448-fancyfeastgrainfreepatewetcatfoodclassicpatesavorysalmonfeast3ozcan,"Fancy Feast Grain Free Pate Wet Cat Food, Classic Pate Savory Salmon Feast, 3 oz. Can"
49000042559-cocacolazerosugarsodapop12floz12packcans,"Coca-Cola Zero Sugar Soda Pop, 12 Fl Oz, 12 Pack Cans"
49000042559-cocacolazerosugarsodapop12floz12packcans,"Coca-Cola Zero Sugar Soda Pop, 12 Fl Oz, 12 Pack Cans"
50000170166-24packfriskiesprimefiletswetcatfood55ozcansmultipleflavors,"(24 Pack) Friskies Prime Filets Wet Cat Food, 5.5 oz. Cans (Multiple Flavors)"
44000033255-oreodoublestufchocolatesandwichcookiesfamilysize20oz,"OREO Double Stuf Chocolate Sandwich Cookies, Family Size, 20 oz"
51000233141-campbellsspaghettios pastawithmeatballs156ounce can,"Campbell's SpaghettiOs Pasta with Meatballs, 15.6 Ounce Can"
78742061993-greatvaluenosaltaddedblackbeans1525ozcan,"Great Value,No Salt Added, Black Beans, 15.25 Oz Can"
78742061993-greatvaluenosaltaddedblackbeans1525ozcan,"Great Value,No Salt Added, Black Beans, 15.25 Oz Can"
41789002328-maruchanramennoodlebeefflavorsoup3oz12count,"Maruchan Ramen Noodle Beef Flavor Soup, 3 Oz, 12 Count"
78742030104-greatvaluechunkchickenbreastinwater125oz2countcan,"Great Value Chunk Chicken Breast, in Water, 12.5 oz, 2 Count Can"
78742030104-greatvaluechunkchickenbreastinwater125oz2countcan,"Great Value Chunk Chicken Breast, in Water, 12.5 oz, 2 Count Can"
49000019384-spritecaffeinefreelemonlimesodapop12floz24packcans,"Sprite Caffeine-Free Lemon Lime Soda Pop, 12 Fl Oz, 24 Pack Cans"
72486002205-jiffycornmuffinmix85oz,"Jiffy Corn Muffin Mix, 8.5 Oz."
41789002168-maruchanramennoodlesoupchiliflavor3oz,"Maruchan Ramen Noodle Soup Chili Flavor, 3 oz"
78742088198-greatvaluenoaddedsweeteners100applejuice64floz,"Great Value No Added Sweeteners 100% Apple Juice, 64 Fl. Oz."
41500220208-frenchsoriginalcrispyfriedonions6oz,"French's Original Crispy Fried Onions, 6 oz"
71100005516-hiddenvalleyoriginalranchsaladdressingtoppingglutenfree16ozbottle,"Hidden Valley Original Ranch Salad Dressing & Topping, Gluten Free - 16 oz Bottle"
46000288697-oldelpasotacoseasoningmixoriginal1oz,"Old El Paso Taco Seasoning Mix, Original, 1 oz"
37000716501-fixodentcompleteoriginaldentureadhesivecream24oz3pack,"Fixodent Complete Original Denture Adhesive Cream, 2.4 oz, 3 Pack"
46000288697-oldelpasotacoseasoningmixoriginal1oz,"Old El Paso Taco Seasoning Mix, Original, 1 oz"
12000809965-mountaindeworiginalcitrussodapop12floz12packcans,"Mountain Dew Original Citrus Soda Pop, 12 Fl Oz, 12 Pack Cans"
41789002311-maruchanramennoodlechickenflavorsoup3oz12count,"Maruchan Ramen Noodle Chicken Flavor Soup, 3 Oz, 12 Count"
41789002311-maruchanramennoodlechickenflavorsoup3oz12count,"Maruchan Ramen Noodle Chicken Flavor Soup, 3 Oz, 12 Count"
78742370361-greatvaluebakingsoda16oz,"Great Value Baking Soda, 16 oz"
78742054254-greatvaluecutgreenbeanscan28oz,"Great Value Cut Green Beans Can, 28 Oz"
644209311316-duncanhineschewyfudgechocolatebrowniemixfamilysize183ozbox,"Duncan Hines Chewy Fudge Chocolate Brownie Mix, Family Size, 18.3 Oz Box"
652729101133-eaglebrandsweetenedcondensedmilk14oz,"Eagle Brand Sweetened Condensed Milk, 14 oz"
652729101133-eaglebrandsweetenedcondensedmilk14oz,"Eagle Brand Sweetened Condensed Milk, 14 oz"
644209311316-duncanhineschewyfudgechocolatebrowniemixfamilysize183ozbox,"Duncan Hines Chewy Fudge Chocolate Brownie Mix, Family Size, 18.3 Oz Box"
78742369501-greatvaluetomatosauce8oz,"Great Value Tomato Sauce, 8 oz"
78742369440-greatvaluecutgreenbeans145ozcan,"Great Value Cut Green Beans, 14.5 Oz Can"
50000010516-nestlecarnationevaporatedmilkvitamindadded5floz,"Nestle Carnation Evaporated Milk, Vitamin D Added 5 fl oz."
70662096314-nissinbowlnoodleshotspicychickenflavorramennoodlesoup332oz,"Nissin Bowl Noodles Hot & Spicy Chicken Flavor Ramen Noodle Soup, 3.32 Oz"
681131699372-equateibuprofenpainrelieverfeverreducercoatedtablets200mg100count,"Equate Ibuprofen Pain Reliever/Fever Reducer Coated Tablets, 200mg, 100 Count"
70662096314-nissinbowlnoodleshotspicychickenflavorramennoodlesoup332oz,"Nissin Bowl Noodles Hot & Spicy Chicken Flavor Ramen Noodle Soup, 3.32 Oz"
681131699372-equateibuprofenpainrelieverfeverreducercoatedtablets200mg100count,"Equate Ibuprofen Pain Reliever/Fever Reducer Coated Tablets, 200mg, 100 Count"
49000028928-spritelemonlimesoda12floz12count,"Sprite Lemon-Lime Soda, 12 Fl. Oz., 12 Count"
49000028928-spritecaffeinefreelemonlimesodapop12floz12packcans,"Sprite Caffeine-Free Lemon Lime Soda Pop, 12 Fl Oz, 12 Pack Cans"
78742139845-greatvaluejelliedcranberrysauce14oz,"Great Value Jellied Cranberry Sauce, 14 Oz"
49000067217-cocacolaoriginalsodapop75floz10packcans,"Coca-Cola Original Soda Pop, 7.5 Fl Oz, 10 Pack Cans"
49000067217-cocacolaoriginalsodapop75floz10packcans,"Coca-Cola Original Soda Pop, 7.5 Fl Oz, 10 Pack Cans"
78742139845-greatvaluejelliedcranberrysauce14oz,"Great Value Jellied Cranberry Sauce, 14 Oz"
70662087237-nissinteriyakibeefflavorchowmeinnoodles4oz,"Nissin Teriyaki Beef Flavor Chow Mein Noodles, 4 oz"
13130006125-creamofwheatminutehotcerealoriginal28oz1packet,"Cream of Wheat, Minute Hot Cereal, Original, 28 oz, 1 Packet"
24000163022-delmontefreshcutgoldensweetwholekernelcorn1525ozcan,"DEL MONTE FRESH CUT Golden Sweet Whole Kernel Corn, 15.25 oz Can"
51500720011-jifcreamypeanutbutter40ouncejar,"Jif Creamy Peanut Butter, 40-Ounce Jar"
78742117713-greatvaluetomatoketchup24oz,"Great Value Tomato Ketchup, 24 oz"
78742117713-greatvaluetomatoketchup24oz,"Great Value Tomato Ketchup, 24 oz"
78742431079-greatvaluechiliwithbeans15oz,"Great Value Chili with Beans, 15 Oz"
78742431079-greatvaluechiliwithbeans15oz,"Great Value Chili with Beans, 15 Oz"
52100091501-mccormickchiliseasoningmix125oz,"McCormick Chili Seasoning Mix, 1.25 oz"
52100096902-mccormickaujusgravyseasoningmix1oz,"McCormick Au Jus Gravy Seasoning Mix, 1 oz"
52100034911-mccormickoriginaltacoseasoningmix1oz,"McCormick Original Taco Seasoning Mix , 1 oz"
38000138577-pringlespotatocrispschipslunchsnacksonthegosnackscheddarcheese55oz1can,"Pringles Potato Crisps Chips, Lunch Snacks, On The Go Snacks, Cheddar Cheese, 5.5oz, 1 Can"
78742110684-greatvaluesweetpeascannedsweetpeas15ozcan,"Great Value Sweet Peas, Canned Sweet Peas, 15 oz Can"
613008715267-arizonagreenteawithginsenghoney23floz,"Arizona Green Tea with Ginseng & Honey, 23 fl oz"
28400589864-cheetoscrunchycheeseflavoredsnacks85ozbag,"Cheetos Crunchy Cheese Flavored Snacks, 8.5 oz Bag"
28400589864-cheetoscrunchycheeseflavoredsnacks85ozbag,"Cheetos Crunchy Cheese Flavored Snacks, 8.5 oz Bag"
21000653713-kraftthickncreamymacaroniandcheesedinner725ozbox,"Kraft Thick 'n Creamy Macaroni and Cheese Dinner, 7.25 oz Box"
71100005783-hiddenvalleyglutenfreeoriginalranchsaladdressingstopping24floz,"Hidden Valley Gluten-Free, Original Ranch Salad Dressings & Topping, 24 Fl Oz"
51500255162-jifcreamypeanutbutter16ouncejar,"Jif Creamy Peanut Butter, 16-Ounce Jar"
51500255162-jifcreamypeanutbutter16ouncejar,"Jif Creamy Peanut Butter, 16-Ounce Jar"
43000955697-koolaidunsweetenedlemonadenaturallyflavoredpowderedsoftdrinkmix023ozpacket,"Kool-Aid Unsweetened Lemonade Naturally Flavored Powdered Soft Drink Mix, 0.23 oz Packet"
41460398887-pioneercountrygravymix275oz,"Pioneer Country Gravy Mix, 2.75 oz"
78742017860-greatvalueclassicranchdressingdip36floz,"Great Value Classic Ranch Dressing & Dip, 36 fl oz"
78742066844-greatvaluechickenbrothvaluesize48oz,"Great Value Chicken Broth Value Size, 48 oz"
78742066844-greatvaluechickenbrothvaluesize48oz,"Great Value Chicken Broth Value Size, 48 oz"
76410901374-lancesandwichcrackerstoastcheepeanutbutter8ctbox,"Lance Sandwich Crackers, ToastChee Peanut Butter, 8 Ct Box"
37297914475-eproduitalimentarefarinemais,E-PRODUIT ALIMENTARE FARINE MAIS
28400083140-tostitosscoopstortillachipspartysize145ozbag,"Tostitos Scoops! Tortilla Chips Party Size, 14.5 oz Bag"
28400147408-sunchipsgardensalsaflavoredwholegrainsnacks7ozbag,"SunChips Garden Salsa Flavored Whole Grain Snacks, 7 oz Bag"
28400147408-sunchipsgardensalsaflavoredwholegrainsnacks7ozbag,"SunChips Garden Salsa Flavored Whole Grain Snacks, 7 oz Bag"
21000039340-tacobelloriginaltacoseasoningmix1ozpacket,"Taco Bell Original Taco Seasoning Mix, 1 oz Packet"
28400002103-santitastortillachips11oz,"Santitas Tortilla Chips, 11 Oz."
28400002103-santitastortillachips11oz,"Santitas Tortilla Chips, 11 Oz."
78000083163-dietdrpeppersoda12flozcans12pack,"Diet Dr Pepper Soda, 12 fl oz cans, 12 pack"
49000045840-cokezerosugarsodasoftdrink169floz6pack,"Coke Zero Sugar Soda Soft Drink, 16.9 fl oz, 6 Pack"
49000045840-cokezerosugarsodasoftdrink169floz6pack,"Coke Zero Sugar Soda Soft Drink, 16.9 fl oz, 6 Pack"
30100112334-kelloggsclubcrackerslunchsnackpacksoriginal188ozbox9ct,"Kellogg's Club Crackers, Lunch Snack Packs, Original, 18.8oz Box, 9 Ct"
27000390146-huntstomatosauce100naturaltomatosauce15oz,"Hunt's Tomato Sauce, 100% Natural Tomato Sauce, 15 Oz"
27000390146-huntstomatosauce100naturaltomatosauce15oz,"Hunt's Tomato Sauce, 100% Natural Tomato Sauce, 15 Oz"
76406023103-jumexstrawberryandbanananectarfromconcentrate113floz,"Jumex Strawberry and Banana Nectar from Concentrate, 11.3 Fl. Oz."
49000050110-dietcokecolasodapop2literbottle,"Diet Coke Cola Soda Pop, 2 Liter Bottle"
76406023103-jumexstrawberryandbanananectarfromconcentrate113floz,"Jumex Strawberry and Banana Nectar from Concentrate, 11.3 Fl. Oz."
27000500064-huntstraditionalpastasauce100naturaltomatosauce24oz,"Hunt's Traditional Pasta Sauce, 100% Natural Tomato Sauce, 24 Oz"
27000500064-huntstraditionalpastasauce100naturaltomatosauce24oz,"Hunt's Traditional Pasta Sauce, 100% Natural Tomato Sauce, 24 Oz"
24300041334-littledebbiestrawberryshortcakerolls6ct130oz,"Little Debbie Strawberry Shortcake Rolls, 6 ct, 13.0 oz"
70847012474-monsterzeroultra16floz,"Monster Zero Ultra, 16 Fl Oz"
44000034207-belvitasoftbakedbananabreadbreakfastbiscuits176oz5count,"Belvita Soft Baked Banana Bread Breakfast Biscuits, 1.76 oz, 5 count"
12000004520-starbucksfrappuccinochilledcoffeedrinkmocha137ozglassbottle,"Starbucks Frappuccino Chilled Coffee Drink, Mocha, 13.7 oz Glass Bottle"
27000500118-huntsgarlicherbpastasauce100naturaltomatosauce24oz,"Hunt's Garlic & Herb Pasta Sauce, 100% Natural Tomato Sauce, 24 Oz"
27000500118-huntsgarlicherbpastasauce100naturaltomatosauce24oz,"Hunt's Garlic & Herb Pasta Sauce, 100% Natural Tomato Sauce, 24 Oz"
28400147392-sunchipsharvestcheddarflavoredwholegrainsnacks7ozbag,"SunChips Harvest Cheddar Flavored Whole Grain Snacks, 7 oz. Bag"
28400147392-sunchipsharvestcheddarflavoredwholegrainsnacks7ozbag,"SunChips Harvest Cheddar Flavored Whole Grain Snacks, 7 oz. Bag"
28400034005-rufflesoriginalpotatochipspartysize135ozbag,"Ruffles Original Potato Chips, Party Size, 13.5 oz Bag"
28400199148-laysclassicpotatochips8ozbag,"Lay's Classic Potato Chips, 8 oz Bag"
28400034005-rufflesoriginalpotatochipspartysize135ozbag,"Ruffles Original Potato Chips, Party Size, 13.5 oz Bag"
28400199148-laysclassicpotatochips8ozbag,"Lay's Classic Potato Chips, 8 oz Bag"
28400159388-rufflesoriginalpotatochips9ozbag,"Ruffles Original Potato Chips, 9 oz. Bag"
41000003622-3packliptononionsoupanddipmix2oz,"(3 Pack) Lipton Onion Soup and Dip Mix, 2 oz"
41000003622-liptonrecipesecretssoupanddipmixonion2oz,Lipton Recipe Secrets Soup and Dip Mix Onion 2 oz
38000138416-pringlesoriginalpotatocrispschips52ozcan,Pringles Original Potato Crisps Chips 5.2 oz can
28400589321-fritosscoopsoriginalcornchips925oz,"Fritos Scoops! Original Corn Chips, 9.25 Oz."
28400589284-fritoschilicheesecornchips925oz,"Fritos Chili Cheese Corn Chips, 9.25 Oz."
28400589321-fritosscoopsoriginalcornchips925oz,"Fritos Scoops! Original Corn Chips, 9.25 Oz."
28400589284-fritoschilicheesecornchips925oz,"Fritos Chili Cheese Corn Chips, 9.25 Oz."
49000050103-cocacolaoriginalsodapop2literbottle,"Coca-Cola Original Soda Pop, 2 Liter Bottle"
78742254593-greatvalueonionpowder325oz,"Great Value Onion Powder, 3.25 oz"
28400643061-doritosnаchocheeseflavoredtortillachipspartysize15oz,"Doritos Nаcho Cheese Flavored Tortilla Chips Party Size!, 15 oz"
28400641326-doritoscoolranchflavoredtortillachips975ozbag,"Doritos Cool Ranch Flavored Tortilla Chips, 9.75 oz Bag"
28400642033-doritosnachocheesetortillachips975oz,"Doritos Nacho Cheese Tortilla Chips, 9.75 Oz."
28400642255-doritosspicysweetchiliflavoredtortillachips975ozbag,"Doritos Spicy Sweet Chili Flavored Tortilla Chips, 9.75 oz Bag"
49000024692-dietcokebottles169floz6pack,"Diet Coke Bottles, 16.9 fl oz, 6 Pack"
28400642255-doritosspicysweetchiliflavoredtortillachips975ozbag,"Doritos Spicy Sweet Chili Flavored Tortilla Chips, 9.75 oz Bag"
28400642033-doritosnachocheesetortillachips975oz,"Doritos Nacho Cheese Tortilla Chips, 9.75 Oz."
28400641326-doritoscoolranchflavoredtortillachips975ozbag,"Doritos Cool Ranch Flavored Tortilla Chips, 9.75 oz Bag"
28400643054-doritoscoolranchflavoredtortillachipspartysize15ozbag,"Doritos Cool Ranch Flavored Tortilla Chips, Party Size, 15 oz Bag"
786162080004-vitaminwaterenergyelectrolyteenhancedwaterwvitaminstropicalcitrusdrink20floz,"vitaminwater energy electrolyte enhanced water w/ vitamins, tropical citrus drink, 20 fl oz"
28400589895-cheetoscrunchyflaminhotcheeseflavoredsnacks85ozbag,"Cheetos Crunchy Flamin' Hot Cheese Flavored Snacks, 8.5 oz Bag"
28400589895-cheetoscrunchyflaminhotcheeseflavoredsnacks85ozbag,"Cheetos Crunchy Flamin' Hot Cheese Flavored Snacks, 8.5 oz Bag"
28400240185-funyunsonionflavoredrings6ozbag,"Funyuns Onion Flavored Rings, 6 oz Bag"
49000067248-spritecaffeinefreelemonlimeminisodapop75floz10packcans,"Sprite Caffeine-Free Lemon Lime Mini Soda Pop, 7.5 Fl Oz, 10 Pack Cans"
49000067248-spritecaffeinefreelemonlimeminisodapop75floz10packcans,"Sprite Caffeine-Free Lemon Lime Mini Soda Pop, 7.5 Fl Oz, 10 Pack Cans"
27000388150-huntstomatopaste100naturaltomatoes6oz,"Hunt's Tomato Paste, 100% Natural Tomatoes, 6 Oz"
49000050158-spritecaffeinefreelemonlimesodapop2literbottle,"Sprite Caffeine-Free Lemon Lime Soda Pop, 2 Liter Bottle"
25500005188-folgersclassicmediumroastgroundcoffee48ozcan,"Folgers Classic Medium Roast Ground Coffee, 48 Oz, Can"
25500005188-folgersclassicmediumroastgroundcoffee48ozcan,"Folgers Classic Medium Roast Ground Coffee, 48 Oz, Can"
54100925022-armourviennasausageoriginal46ozcan,"Armour Vienna Sausage, Original, 4.6 oz Can"
78742114187-greatvaluegreatnorthernbeans155ozcan,"Great Value Great Northern Beans, 15.5 Oz Can"
14800000108-mottsapplesauce4ozcups6count,"Mott's Applesauce, 4 oz cups, 6 count"
78742018669-greatvalueminimarshmallows10oz,"Great Value Mini Marshmallows, 10 oz"
78742082554-greatvaluechunklighttunainvegetableoil5oz,"Great Value Chunk Light Tuna in Vegetable Oil, 5 oz"
10900003308-reynoldscutritewaxpaper,Reynolds Cut-Rite Wax Paper
644209307494-duncanhinesclassicyellowdeliciouslymoistcakemix1525oz,"Duncan Hines Classic Yellow Deliciously Moist Cake Mix, 15.25 Oz"
644209307494-duncanhinesclassicyellowdeliciouslymoistcakemix1525oz,"Duncan Hines Classic Yellow Deliciously Moist Cake Mix, 15.25 Oz"
41789002113-maruchanramennoodlechickenflavorsoup3oz,"Maruchan Ramen Noodle Chicken Flavor Soup, 3 Oz"
41789002144-maruchanramennoodleorientalflavorsoup3oz,"Maruchan Ramen Noodle Oriental Flavor Soup, 3 Oz"
41789001574-maruchaninstantlunchroastchickenflavorsoup225oz,"Maruchan Instant Lunch Roast Chicken Flavor Soup, 2.25 Oz"
41789001314-maruchaninstantlunchchickenflavorramennoodlesoup225oz6count,"Maruchan Instant Lunch Chicken Flavor Ramen Noodle Soup, 2.25 oz, 6 count"
41789001437-maruchaninstanthotspicychickenramennoodlesoup225oz,"Maruchan Instant Hot & Spicy Chicken Ramen Noodle Soup, 2.25 oz"
605388187925-greatvaluespaghettiringspastawithmeatballsintomatosauce15oz,"Great Value Spaghetti Rings Pasta with Meatballs in Tomato Sauce, 15 oz"
888109150044-hostessdonettespowderedminidonuts105oz20count,"Hostess Donettes Powdered Mini Donuts 10.5 Oz, 20 Count"
37600138727-spamclassic7gofprotein12oz,"SPAM Classic, 7 g of protein, 12 oz"
37600241939-hormelchilinobeansnoartificialingredients15oz,"HORMEL Chili, No Beans, No Artificial Ingredients, 15 oz"
37600223188-hormelchiliwithbeansnoartificialingredients15oz,"HORMEL Chili with Beans, No Artificial Ingredients, 15 oz"
37600241939-hormelchilinobeansnoartificialingredients15oz,"HORMEL Chili, No Beans, No Artificial Ingredients, 15 oz"
39400018803-bushsblackbeanscannedbeans15oz,"BUSH'S Black Beans, Canned Beans, 15 Oz"
39400018803-bushsblackbeanscannedbeans15oz,"BUSH'S Black Beans, Canned Beans, 15 Oz"
24300041068-littledebbiecosmicbrownies13oz,"Little Debbie Cosmic Brownies, 13 oz"
49000042849-cocacolazerosugarcans12floz24pack,"Coca-Cola Zero Sugar Cans, 12 fl oz, 24 Pack"
44000002930-chickeninabiskitoriginalbakedsnackcrackersfamilysize12oz,"Chicken in a Biskit Original Baked Snack Crackers, Family Size, 12 oz"
44000002930-chickeninabiskitoriginalbakedsnackcrackersfamilysize12oz,"Chicken in a Biskit Original Baked Snack Crackers, Family Size, 12 oz"
39400019770-bushsbrownsugarhickorybakedbeanscannedbeans28oz,"BUSH'S Brown Sugar Hickory Baked Beans, Canned Beans, 28 oz"
39400019770-bushsbrownsugarhickorybakedbeanscannedbeans28oz,"BUSH'S Brown Sugar Hickory Baked Beans, Canned Beans, 28 oz"
24300041464-littledebbiezebracakes13oz,"Little Debbie Zebra Cakes, 13 oz"
50000103867-fancyfeastgrainfreepatewetcatfoodclassicpatesalmonshrimpfeast3ozcan,"Fancy Feast Grain Free Pate Wet Cat Food, Classic Pate Salmon & Shrimp Feast, 3 oz. Can"
78742369785-greatvaluemediumpittedblackolives6oz,"Great Value Medium Pitted Black Olives, 6 oz"
78742369785-greatvaluemediumpittedblackolives6oz,"Great Value Medium Pitted Black Olives, 6 oz"
50000103867-fancyfeastgrainfreepatewetcatfoodclassicpatesalmonshrimpfeast3ozcan,"Fancy Feast Grain Free Pate Wet Cat Food, Classic Pate Salmon & Shrimp Feast, 3 oz. Can"
16000275638-totalbreakfastcerealwholegrainflakes16oz,"Total Breakfast Cereal, Whole Grain Flakes, 16 oz"
78742048369-greatvalueclassicranchsaladdressingdip16floz,"Great Value Classic Ranch Salad Dressing & Dip, 16 Fl Oz"
29243000028-lamodernafideomacaroni705oz,"La Moderna Fideo Macaroni, 7.05 oz"
29700001476-idahoanroastedgarlicmashedpotatoes4ozpouch,"Idahoan Roasted Garlic Mashed Potatoes, 4 oz Pouch"
37100033188-libbyscutgreenbeans145ozcan,"Libby's Cut Green Beans, 14.5 Oz Can"
78742229591-greatvaluefatfreeevaporatedmilk12oz,"Great Value Fat Free Evaporated Milk, 12 oz"
78742229591-greatvaluefatfreeevaporatedmilk12oz,"Great Value Fat Free Evaporated Milk, 12 oz"
39000600200-libbyscountrysausagegravycannedsausagegravy15oz,"Libby's Country Sausage Gravy, Canned Sausage Gravy, 15 Oz"
39000600200-libbyscountrysausagegravycannedsausagegravy15oz,"Libby's Country Sausage Gravy, Canned Sausage Gravy, 15 Oz"
39000086639-libbysviennasausageinchickenbrothcannedsausage46oz,"Libby's Vienna Sausage in Chicken Broth, Canned Sausage, 4.6 Oz"
39000086639-libbysviennasausageinchickenbrothcannedsausage46oz,"Libby's Vienna Sausage in Chicken Broth, Canned Sausage, 4.6 Oz"
50000836123-fancyfeastgravywetcatfoodgrilledtunafeast3ozcan,"Fancy Feast Gravy Wet Cat Food, Grilled Tuna Feast, 3 oz. Can"
78742236209-greatvaluealmondbarkvanilla24oz,"Great Value Almond Bark, Vanilla, 24 oz"
10900003308-reynolds330waxpaper75squareft,Reynolds 330 Wax Paper 75 Square ft.
44600015934-merchandise3377016cloroxwipesfreshscent4435count,Merchandise 3377016 Clorox Wipes Fresh Scent&#44; 35 Count
41167053508-goldbondultimatediabeticskinrelieflotionfragrancefree13ozbygoldbondultimate,"Gold Bond Ultimate Diabetic Skin Relief Lotion, Fragrance Free 13 oz by Gold Bond Ultimate"
50000103683-24packfriskiesshredswetcatfood55ozcansmultipleflavors,"(24 Pack) Friskies Shreds Wet Cat Food, 5.5 oz. Cans (Multiple Flavors)"
78742254593-greatvalueonionpowder325oz,"Great Value Onion Powder, 3.25 oz"
78742369556-greatvaluetomatopaste6oz,"Great Value Tomato Paste, 6 oz"
41789001215-maruchaninstantchickenflavorramennoodlesoup225oz,"Maruchan Instant Chicken Flavor Ramen Noodle Soup, 2.25 oz"
41789001215-maruchaninstantchickenflavorramennoodlesoup225oz,"Maruchan Instant Chicken Flavor Ramen Noodle Soup, 2.25 oz"
24300041501-littledebbiesnacksfudgerounds8ct,"Little Debbie Snacks Fudge Rounds, 8ct"
16000503304-bettycrockersuddenlypastasaladclassicpastasalad775oz,"Betty Crocker Suddenly Pasta Salad, Classic Pasta Salad, 7.75 oz"
41460398887-pioneercountrygravymix275oz,"Pioneer Country Gravy Mix, 2.75 oz"
16000275287-cheerioswholegrainoatsglutenfreebreakfastcereal18oz,"Cheerios Whole Grain Oats Gluten-Free Breakfast Cereal, 18 oz"
78742018669-greatvalueminimarshmallows10oz,"Great Value Mini Marshmallows, 10 oz"
41196010886-progressotraditionalchickennoodlesoup19oz,"Progresso Traditional, Chicken Noodle Soup, 19 oz"
41196010886-progressotraditionalchickennoodlesoup19oz,"Progresso Traditional, Chicken Noodle Soup, 19 oz"
52000012484-vancampsoriginalbeaneeweeneebeanshotdogs775oz,Van Camp's Original Beanee Weenee Beans & Hot Dogs 7.75 oz
52000012484-vancampsoriginalbeaneeweeneebeanshotdogs775oz,Van Camp's Original Beanee Weenee Beans & Hot Dogs 7.75 oz
52100155203-mccormickmildchiliseasoningmixpacket125oz,"McCormick Mild Chili Seasoning Mix Packet, 1.25 oz"
78742369426-greatvaluewholegreenbeans145ozcan,"Great Value Whole Green Beans, 14.5 oz, Can"
41789001253-maruchaninstantlunchshrimpflavornoodlesoup225oz,"Maruchan Instant Lunch Shrimp Flavor Noodle Soup, 2.25 Oz"
49200045503-dominopremiumpurecanegranulatedsugar4lb,"Domino Premium Pure Cane Granulated Sugar, 4 lb"
79426211109-ricosgourmetnachocheddarcheesesauce150oz,"Ricos Gourmet Nacho Cheddar Cheese Sauce, 15.0 OZ"
50000412204-24packfriskiesshredswetcatfood55ozcansmultipleflavors,"(24 Pack) Friskies Shreds Wet Cat Food, 5.5 oz. Cans (Multiple Flavors)"
78742119151-greatvaluemarshmallows10oz,"Great Value Marshmallows, 10 oz"
14800646085-hawaiianpunchfruitjuicyred1gallon,"Hawaiian Punch Fruit Juicy Red, 1 Gallon"
51000112859-campbellscannedbeansporkbeans11ozcan,"Campbell's Canned Beans, Pork & Beans, 11 oz. Can"
41789002816-maruchanramennoodlepicantechickenflavorsoup3oz,"Maruchan Ramen Noodle Picante Chicken Flavor Soup, 3 Oz"
78742254661-greatvaluelemonpepperseasoning425oz,"Great Value Lemon & Pepper Seasoning, 4.25 oz"
78742020631-greatvaluebeefbroth32oz,"Great Value Beef Broth, 32 oz"
78742209982-greatvaluepennepasta16oz,"Great Value Penne Pasta, 16 oz"
52000338775-gatoradethirstquenchersportsdrinklemonlime32ozbottle,"Gatorade Thirst Quencher Sports Drink, Lemon Lime, 32 oz Bottle"
50000100446-purinafriskiesgravywetcatfoodprimefiletschickentunadinneringravy55ozcan,"Purina Friskies Gravy Wet Cat Food, Prime Filets Chicken & Tuna Dinner in Gravy - 5.5 oz. Can"
78742372198-greatvalueconfectionerspowderedsugar32oz,"Great Value Confectioners Powdered Sugar, 32 oz"
76397001289-lacosteñagreenpickledjalapenopeppers26oz,"La Costeña Green Pickled Jalapeno Peppers, 26 oz"
41789001666-maruchaninstantcheddarcheeseramensoup225oz,"Maruchan Instant Cheddar Cheese Ramen Soup, 2.25 oz"
78742040011-4cansgreatvaluechunklighttunainwater5oz,"(4 Cans) Great Value Chunk Light Tuna in Water, 5 oz"
24300041303-littledebbieswisscakerolls12ct1331oz,"Little Debbie Swiss Cake Rolls, 12 ct, 13.31 oz"
44000046545-newtonssoftfruitchewyfigcookies10ozpack,"Newtons Soft & Fruit Chewy Fig Cookies, 10 oz Pack"
78742254654-greatvaluegarlicpowder34oz,"Great Value Garlic Powder, 3.4 oz"
78742254654-greatvaluegarlicpowder34oz,"Great Value Garlic Powder, 3.4 oz"
78742082752-greatvaluechunklighttunainwater5oz,"Great Value Chunk Light Tuna in Water, 5 oz"
78742017860-greatvalueclassicranchdressingdip36floz,"Great Value Classic Ranch Dressing & Dip, 36 fl oz"
78742199597-greatvaluereducedsodiumbrowngravymix087oz,"Great Value Reduced Sodium Brown Gravy Mix, 0.87 oz"
39400018100-bushscannedpintobeans16oz,"Bush's Canned Pinto Beans, 16 Oz"
39400018100-bushscannedpintobeans16oz,"Bush's Canned Pinto Beans, 16 Oz"
39400019749-bushscountrystylebakedbeansplantbasedproteincannedbeans28oz,"BUSH'S Country Style Baked Beans, Plant Based Protein, Canned Beans, 28 oz"
52100098609-mccormickbrowngravymix087oz,"McCormick Brown Gravy Mix, 0.87 oz"
49000028911-dietcokecolasodapop12floz12packcans,"Diet Coke Cola Soda Pop, 12 Fl Oz, 12 Pack Cans"
76406021802-jumexmangonectarfromconcentrate113floz,"Jumex Mango Nectar from Concentrate, 11.3 Fl. oz."
50000424948-friskiespatewetcatfood55ozcans,"Friskies Pate Wet Cat Food, 5.5 oz. Cans"
78742209999-greatvaluerotinipasta16oz,"Great Value Rotini Pasta, 16 oz"
76171803931-littletreesairfreshenerblackicefragrance1pack,Little Trees Air Freshener Black Ice Fragrance 1-Pack
44000031114-ritzoriginalcrackers137oz,"RITZ Original Crackers, 13.7 oz"
41789001055-maruchaninstantlunchlimeflavorwshrimpinstantlunch225oz,"Maruchan Instant Lunch Lime Flavor w/Shrimp Instant Lunch, 2.25 oz"
12000813313-starbucksfrappuccinovanillachilledcoffeedrink137flozbottle,Starbucks Frappuccino Vanilla Chilled Coffee Drink 13.7 fl. oz. Bottle
50000429943-24packfancyfeastgrainfreepatewetcatfood3ozcan,"(24 Pack) Fancy Feast Grain Free Pate Wet Cat Food, 3 oz. Can"
50000429943-fancyfeastgrainfreepatewetcatfoodclassicpatechickenfeast3ozcan,"Fancy Feast Grain Free Pate Wet Cat Food, Classic Pate Chicken Feast, 3 oz. Can"
78742233505-greatvalueultrasoftfacialtissues,Great Value Ultra Soft Facial Tissues
78742233505-greatvalueeverydaysoftfacialtissues2ply80count,"Great Value Everyday Soft Facial Tissues, 2 Ply, 80 Count"
31200016058-oceanspraysalsadearandano397gr,OCEAN SPRAY SALSA DE ARANDANO 397GR
78742082554-greatvaluechunklighttunainvegetableoil5oz,"Great Value Chunk Light Tuna in Vegetable Oil, 5 oz"
70470003238-yoplaitoriginalyogurtfrenchvanillalowfatyogurt6oz,"Yoplait Original Yogurt, French Vanilla, Low Fat Yogurt, 6 oz"
70470003139-yoplaitoriginalyogurtstrawberrybananalowfatyogurt6oz,"Yoplait Original Yogurt, Strawberry Banana, Low Fat Yogurt, 6 oz"
75669115105-iberiacoconutwater169floz1count,"Iberia Coconut Water, 16.9 Fl Oz, 1 Count"
70662096338-nissinbowlnoodleshotspicybeefflavorramennoodlesoup328oz,"Nissin Bowl Noodles Hot & Spicy Beef Flavor Ramen Noodle Soup, 3.28 Oz"
70662096338-nissinbowlnoodleshotspicybeefflavorramennoodlesoup328oz,"Nissin Bowl Noodles Hot & Spicy Beef Flavor Ramen Noodle Soup, 3.28 Oz"
54100794130-armourstarviennasausageoriginalflavorcannedsausage46ozpackof6,"Armour Star Vienna Sausage, Original Flavor, Canned Sausage, 4.6 OZ (Pack of 6)"
29700021429-idahoansourcreamchivesmashedpotatoes4ozpouch,"Idahoan Sour Cream & Chives Mashed Potatoes, 4 oz Pouch"
78742072760-greatvaluereducedsodiumchickenbroth32oz,"Great Value Reduced Sodium Chicken Broth, 32 oz"
78742245737-greatvaluechiliseasoningmix125oz,"Great Value Chili Seasoning Mix, 1.25 oz"
41789001314-maruchaninstantlunchchickenflavorramennoodlesoup225oz6count,"Maruchan Instant Lunch Chicken Flavor Ramen Noodle Soup, 2.25 oz, 6 count"
29700001384-idahoanbabyredsmashedpotatoes41ozpouch,"Idahoan Baby Reds Mashed Potatoes, 4.1 oz Pouch"
41167053508-goldbondultimatelotiondesoulagementdelapeaudiabétiquesansparfum13ozpargoldbondultimate,"Gold Bond Ultimate Lotion de soulagement de la peau diabétique, sans parfum 13 oz par Gold Bond Ultimate"
78742254685-greatvalueitalianseasoning095oz,"Great Value Italian Seasoning, 0.95 Oz"
78742433943-greatvaluemediumdicedgreenchiles4oz,"Great Value Medium Diced Green Chiles, 4 Oz"
49000031652-dasanipurifiedwater169floz24packbottles,"Dasani Purified Water, 16.9 Fl Oz, 24 Pack Bottles"
78742369686-greatvaluepineappleslicesin100juice20oz,"Great Value Pineapple Slices in 100% Juice, 20 Oz"
644209307500-duncanhinesclassicwhitecakemix1525oz,"Duncan Hines Classic White Cake Mix, 15.25 Oz"
51000025494-pregopastasaucetraditionalitaliantomatosauce24ouncejar,"Prego Pasta Sauce, Traditional Italian Tomato Sauce, 24 Ounce Jar"
64144043026-chefboyardeebeefaroni15oz,"Chef Boyardee Beefaroni, 15 oz"
43000955703-koolaidunsweetenedpinklemonadenaturallyflavoredpowderedsoftdrinkmix023ozpacket,"Kool-Aid Unsweetened Pink Lemonade Naturally Flavored Powdered Soft Drink Mix, 0.23 oz Packet"
43000955703-koolaidunsweetenedpinklemonadenaturallyflavoredpowderedsoftdrinkmix023ozpacket,"Kool-Aid Unsweetened Pink Lemonade Naturally Flavored Powdered Soft Drink Mix, 0.23 oz Packet"
64144282630-rotelmilddicedtomatoesandgreenchilies10oz,"ROTEL Mild Diced Tomatoes and Green Chilies, 10 oz."
29700001452-idahoanfourcheesemashedpotatoes4ozpouch,"Idahoan Four Cheese Mashed Potatoes, 4 oz Pouch"
78000082135-drpeppersoda12flozcans24pack,"Dr Pepper Soda, 12 fl oz cans, 24 pack"
12000007460-dietmountaindewcitrussodapop2literbottle,"Diet Mountain Dew Citrus Soda Pop, 2 Liter Bottle"
41789007019-maruchanyakisobajapanesechickennoodles4oz,"Maruchan Yakisoba Japanese Chicken Noodles, 4 oz."
46000288765-oldelpasomildtacoseasoningmixpacket1oz,"Old El Paso Mild Taco Seasoning Mix Packet, 1 oz."
364613045620-picotsaldeuvas12unités,"Picot Sal de Uvas, 12 unités"
27000390054-huntstomatosauce100naturaltomatosauce8oz,"Hunt's Tomato Sauce, 100% Natural Tomato Sauce, 8 Oz"
364613045620-picotsaldeuvaseffervescentpowderforsolutionantacidassistsyouinrelievingheartburnrefluxstomachheavinessneutralizesstomachacid12count,"Picot Sal de Uvas, Effervescent Powder for Solution, Antacid, Assists you in Relieving Heartburn, Reflux, Stomach Heaviness, Neutralizes Stomach Acid, 12 Count."
16000509405-bettycrockersuddenlypastasaladranchandbacondrymeals75oz,"Betty Crocker Suddenly Pasta Salad, Ranch and Bacon, Dry Meals, 7.5 oz"
78742048369-greatvalueclassicranchsaladdressingdip16floz,"Great Value Classic Ranch Salad Dressing & Dip, 16 Fl Oz"
781138715164-onthebordermexicangrillcantinathinstortillachips16oz,"On the Border Mexican Grill & Cantina Thins Tortilla Chips, 16 Oz."
76397001289-lacosteñagreenpickledjalapenopeppers26oz,"La Costeña Green Pickled Jalapeno Peppers, 26 oz"
78742067353-greatvalueviennasausage46ozcan,"Great Value Vienna Sausage, 4.6 oz Can"
29243000028-lamodernafideomacaroni705oz,"La Moderna Fideo Macaroni, 7.05 oz"
78742228679-greatvaluegardenrotinipasta16oz,"Great Value Garden Rotini Pasta, 16 Oz"
78742085845-greatvaluefettuccine16oz,"Great Value Fettuccine, 16 oz"
78742230511-greatvaluerigatoni16oz,"Great Value Rigatoni, 16 oz"
41789002137-maruchanramennoodleporkflavorsoup3oz,"Maruchan Ramen Noodle Pork Flavor Soup, 3 Oz"
29700021429-idahoansourcreamchivesmashedpotatoes4ozpouch,"Idahoan Sour Cream & Chives Mashed Potatoes, 4 oz Pouch"
46000288765-oldelpasomildtacoseasoningmixpacket1oz,"Old El Paso Mild Taco Seasoning Mix Packet, 1 oz."
41331124669-goyablackbeans155oz,"Goya Black Beans, 15.5 Oz"
41331124669-goyablackbeans155oz,"Goya Black Beans, 15.5 Oz"
37600138727-spamclassic7gofprotein12oz,"SPAM Classic, 7 g of protein, 12 oz"
51000112859-campbellscannedbeansporkbeans11ozcan,"Campbell's Canned Beans, Pork & Beans, 11 oz. Can"
64144282630-rotelmilddicedtomatoesandgreenchilies10oz,"ROTEL Mild Diced Tomatoes and Green Chilies, 10 oz."
41789007071-maruchanyakisobateriyakibeefnoodles4oz,"Maruchan Yakisoba Teriyaki Beef Noodles, 4 oz."
41789007071-maruchanyakisobateriyakibeefnoodles4oz,"Maruchan Yakisoba Teriyaki Beef Noodles, 4 oz."
54100925022-armourviennasausageoriginal46ozcan,"Armour Vienna Sausage, Original, 4.6 oz Can"
43000956878-koolaidunsweetenedmixedberryartificiallyflavoredpowderedsoftdrinkmix022ozpacket,"Kool-Aid Unsweetened Mixed Berry Artificially Flavored Powdered Soft Drink Mix, 0.22 oz Packet"
41789002120-maruchanramennoodlebeefflavorsoup3oz,"Maruchan Ramen Noodle Beef Flavor Soup, 3 Oz"
24300044311-littledebbiepowderedminidonutsbagged10oz,"Little Debbie Powdered Mini Donuts (bagged), 10 oz"
50000445691-24packfriskiesshredswetcatfood55ozcansmultipleflavors,"(24 Pack) Friskies Shreds Wet Cat Food, 5.5 oz. Cans (Multiple Flavors)"
43000028254-koolaidjammerstropicalpunchartificiallyflavoredsoftdrink10ctbox6flozpouches,"Kool-Aid Jammers Tropical Punch Artificially Flavored Soft Drink, 10 ct Box, 6 fl oz Pouches"
39000008204-ortegaoriginaltacoseasoningmix125ozpacket,Ortega Original Taco Seasoning Mix 1.25 oz. Packet
39000008204-ortegaoriginaltacoseasoningmix125ozpacket,Ortega Original Taco Seasoning Mix 1.25 oz. Packet
41789002816-maruchanramennoodlepicantechickenflavorsoup3oz,"Maruchan Ramen Noodle Picante Chicken Flavor Soup, 3 Oz"
9800895007-nutellachocolatehazelnutspread13ozjar5pack,"Nutella Chocolate Hazelnut Spread, 13 oz Jar, 5 Pack"
41789001222-maruchaninstantlunchbeefflavornoodlesoup225oz,"Maruchan Instant Lunch Beef Flavor Noodle Soup, 2.25 Oz"
37100036622-libbyswholekernelsweetcorn1525oz,"Libby's Whole Kernel Sweet Corn, 15.25 Oz"
41331124669-ealpremiumharicotsnoirsgoya,E-AL PREMIUM HARICOTS NOIRS GOYA
41789002144-maruchanramennoodleorientalflavorsoup3oz,"Maruchan Ramen Noodle Oriental Flavor Soup, 3 Oz"
41789001420-maruchaninstanthotspicybeeframensoup225oz,"Maruchan Instant Hot & Spicy Beef Ramen Soup, 2.25 oz"
41789001574-maruchaninstantlunchroastchickenflavorsoup225oz,"Maruchan Instant Lunch Roast Chicken Flavor Soup, 2.25 Oz"
41789001444-maruchaninstantlunchhotspicyshrimpflavornoodlesoup225oz,"Maruchan Instant Lunch Hot & Spicy Shrimp Flavor Noodle Soup, 2.25 Oz"
70662087299-nissinteriyakichickenflavorchowmeinnoodles4oz,"Nissin Teriyaki Chicken Flavor Chow Mein Noodles, 4 oz"
12000001130-pepsicolaflavoredsodapop2literbottle,"Pepsi Cola Flavored Soda Pop, 2 Liter Bottle"
12000286193-pureleafsweettea185flozbottle,Pure Leaf Sweet Tea 18.5 fl. oz. Bottle
75669115105-iberiacoconutwater169floz1count,"Iberia Coconut Water, 16.9 Fl Oz, 1 Count"
78742086774-greatvaluenosaltaddedsweetpeascannedsweetpeas15ozcan,"Great Value No Salt Added Sweet Peas, Canned Sweet Peas, 15 oz Can"
50000100422-purinafriskieswetcatfoodprimefiletswithsalmonbeefinsauce55ozcan,"Purina Friskies Wet Cat Food, Prime Filets With Salmon & Beef in Sauce - 5.5 oz. Can"
50000579907-friskieswetcatfoodshredswithwhitefishsardinesinsauce55ozcan,"Friskies Wet Cat Food, Shreds With Whitefish & Sardines in Sauce, 5.5 oz. Can"
50313151357-carmelachickensausageandbouillion5ozcan,"Carmela Chicken Sausage and Bouillion, 5 oz Can"
50000429547-fancyfeastgrainfreepatewetcatfoodtenderbeeffeast3ozcan,"Fancy Feast Grain Free Pate Wet Cat Food, Tender Beef Feast, 3 oz. Can"
43000956878-koolaidunsweetenedmixedberryartificiallyflavoredpowderedsoftdrinkmix022ozpacket,"Kool-Aid Unsweetened Mixed Berry Artificially Flavored Powdered Soft Drink Mix, 0.22 oz Packet"
50000429745-fancyfeastgrainfreepatewetcatfoodtenderbeefchickenfeast3ozcan,"Fancy Feast Grain Free Pate Wet Cat Food, Tender Beef & Chicken Feast, 3 oz. Can"
50000579907-24packfriskiesshredswetcatfood55ozcansmultipleflavors,"(24 Pack) Friskies Shreds Wet Cat Food, 5.5 oz. Cans (Multiple Flavors)"
364613045620-picotsaldeuvas12count,"Picot Sal De Uvas, 12-Count"
41800716005-welchswelchbebidauvaroja750ml,WELCHS WELCH BEBIDA UVA ROJA 750 ML
41800715008-welchswelchbebidauvablanca750ml,WELCHS WELCH BEBIDA UVA BLANCA 750 ML
50000421541-friskiescattreatspartymixoriginalcrunch21ozpouch,"Friskies Cat Treats, Party Mix Original Crunch - 2.1 oz. Pouch"
27000442128-manwichoriginalsloppyjoesaucecannedsauce15oz,"Manwich Original Sloppy Joe Sauce, Canned Sauce, 15 OZ"
43000285558-stovetopturkeystuffingmix,Stove Top Turkey Stuffing Mix
87684000991-caprisunstrawberrykiwinaturallyflavoredjuicedrinkblend10ctbox6flozpouches,"Capri Sun Strawberry Kiwi Naturally Flavored Juice Drink Blend, 10 ct Box, 6 fl oz Pouches"
49000042559-cocacolazerosugar355mlcans12pack,"Coca-Cola Zero Sugar 355mL Cans, 12 Pack"
64144043026-ecbadbeefaroni,E-CBAD BEEFARONI
64144043224-ecbadspagboulettesvian,E-CBAD SPAG BOULETTES VIAN
50000100446-24packfriskiesprimefiletswetcatfood55ozcansmultipleflavors,"(24 Pack) Friskies Prime Filets Wet Cat Food, 5.5 oz. Cans (Multiple Flavors)"
52100096902-mccormickmixgravyaujus1ozpackof12,"Mc Cormick, Mix Gravy Aujus, 1 Oz, (Pack Of 12)"
64144043064-ecbadchefbydminiraviol,E-CBAD CHEF-BYD MINI RAVIOL
64144282630-rotelmilddicedtomatoesandgreenchilies10ounce12pack,"ROTEL Mild Diced Tomatoes and Green Chilies, 10 Ounce, 12 Pack"
24300041204-littledebbienutybars,LITTLE DEBBIE NUTY BARS
21000658978-kraftmccheesespir156gr,KRAFT MC&CHEESE SPIR 156 GR
16000430549-bettycrockerbcpastelamarillo,BETTY CROCKER BC PASTEL AMARILLO
37600223188-hormelchilibeans425gr,HORMEL CHILI BEANS 425GR
24300041464-pastelitolittledebbiezebra,PASTELITO LITTLE  DEBBIE  ZEBRA
25500005188-folgersclassicrst136kg,FOLGERS CLASSIC RST 1.36KG
37100033188-libbychicharosenmitadesenlata411gr,LIBBY CHICHAROS EN MITADES EN LATA 411GR
71100005516-hiddenvalleyhvaderezoorigranchsgluten473ml,HIDDEN VALLEY HV ADEREZO ORIG RANCH S GLUTEN 473 ML
644209307494-duncanhinesamarillo,DUNCAN HINES AMARILLO
37600241939-hormelchilisinfrijoles425gr,HORMEL CHILI SIN FRIJOLES 425GR
24300041020-littledebbiebollosconmiel301gr,LITTLE DEBBIE BOLLOS CON MIEL 301GR
24300041563-littledebbiepastelitoarbolnavidenov,LITTLE DEBBIE PASTELITO ARBOL NAVIDENO V
24300041303-littledebbiepastelitoswissrolls,LITTLE DEBBIE PASTELITO SWISS ROLLS
36200013694-ragudoublealfredo453grfrasco,RAGU DOUBLE ALFREDO 453 GR FRASCO
36200002506-ragusalsapastatradicionalfco680gr,RAGU SALSA PASTA TRADICIONAL FCO 680GR
50000836123-fancyfeastminifiletesatun85g,FANCY FEAST MINI FILETES ATUN 85G
50000429448-fancyfeastmoussesalmon85g,FANCY FEAST MOUSSE SALMON 85G
43000955635-koolaidunsweetenedgrapeartificiallyflavoredpowdereddrinkmix014ozpacket,"Kool-Aid Unsweetened Grape Artificially Flavored Powdered Drink Mix, 0.14 oz. Packet"
38000138416-pringlesoriginalperfectlyflavorednoartificialingredientspotatocrispschips52ounce,"Pringles Original Perfectly Flavored No Artificial Ingredients Potato Crisps Chips, 5.2 Ounce"
38000138577-pringlespotatocheddarcheeseperfectlyflavoredcrispsandtastychips55ounce,"Pringles Potato Cheddar Cheese Perfectly Flavored Crisps and Tasty Chips, 5.5 Ounce"
64144043064-ecbadminiravchefboyar,E-CBAD MINI RAV CHEF BOYAR
37297914475-eproduitalimentaremasecacornflour,E-PRODUIT ALIMENTARE MASECA CORN FLOUR
64144043026-chefboyardeebeefaroni15oz,Chef Boyardee Beefaroni 15 Oz
64144043156-ecbadchefbydbeefraviol,E-CBAD CHEF-BYD BEEF RAVIOL
64144043156-ecbadraviolboeufchefbyd,E-CBAD RAVIOL BOEUF CHEFBYD
64144043224-chefboyardeespaghettimeatballs1475oz,Chef Boyardee Spaghetti & Meatballs - 14.75 Oz
41331124669-goyapremiumblackbeans155ozpackof24,"Goya Premium Black Beans, 15.5 OZ (Pack of 24)"
52100034911-mccormickoriginaltacoseasoningmix1oz28g,"McCormick, Original Taco Seasoning Mix, 1 oz (28 g)"
19800401092-dranomaxgeldrainclogremoverandcleanerforshowerorsinkdrainsunclogsandremoveshairsoapscumblockages80oz,"Drano Max gel Drain clog Remover and cleaner for Shower or Sink Drains, Unclogs and Removes Hair, Soap Scum, Blockages, 80 oz"
49000045840-lalvindriedwineyeastec1118packof10,Lalvin Dried Wine Yeast EC #1118 (Pack of 10)
46000288765-oldelpasotacomildseasoningmix1ozpacket,"Old El Paso Taco Mild Seasoning Mix, 1 oz Packet"
39000600200-libbyscountrysausagegravy15ouncepackof12,"Libby's Country Sausage Gravy, 15 Ounce, Pack of 12"
16000430549-bettycrockersupermoistyellowcakemix1525oz,"Betty Crocker Super Moist Yellow Cake Mix, 15.25 oz"
76406023103-jumexstrawberryandbanananectar113ozpackof24,"Jumex Strawberry And Banana Nectar, 11.3 OZ (Pack of 24)"
78742230511-barbiesilkstonesuiteretreatfashionmodelcollectiongoldlabel12doll,"Barbie Silkstone Suite Retreat Fashion Model Collection Gold Label 12"" Doll"
37600223188-hormel®chiliwithbeans15ozcan,HORMEL® Chili with Beans 15 oz. Can
37600241939-hormelchilinobeans15oz,HORMEL CHILI NO BEANS 15 oz
41167053508-goldbondultimatediabeticsdryskinreliefhydratinglotion13oz,"Gold Bond Ultimate Diabetics' Dry Skin Relief Hydrating Lotion, 13 oz"
43000956878-koolaidmixedberryflavoredunsweetenedcaffeinefreepowdereddrinkmix192packets,Kool-Aid Mixed Berry Flavored Unsweetened Caffeine Free Powdered Drink Mix (192 Packets)
25500005188-folgersclassicroastgroundcoffee136kg,"Folgers Classic Roast Ground Coffee, 1.36 kg"
29700001414-idahoanbutteryhomestyle®mashedpotatoes4ozpouch,"Idahoan Buttery Homestyle® Mashed Potatoes, 4 oz Pouch"
78742352961-greatvaluevegetableoil48floz,"Great Value Vegetable Oil, 48 fl oz"
76808280081-barilla®classicblueboxspaghettipasta16oz,"Barilla® Classic Blue Box Spaghetti Pasta, 16 oz"
70662096338-nissinbowlnoodleshotandspicybeefflavorenrichedflourramennoodlesoup328ounce,"Nissin Bowl Noodles Hot and Spicy Beef Flavor Enriched Flour Ramen Noodle Soup, 3.28 Ounce"
28000517809-lalacherasweetenedcondensedmilk14ozpackof24,"La Lachera Sweetened Condensed Milk, 14 OZ (Pack of 24)"
76397001289-lacostenagreenpickledjalapenopeppers26ozpackof12,"La Costena Green Pickled Jalapeno Peppers, 26 OZ (Pack of 12)"
28000517205-nestlecreamlite76ozpackof24,"Nestle, Cream Lite, 7.6 Oz, (Pack Of 24)"
37000716501-fixodentcompleteoriginaldentureadhesivecream24oz3pack,"Fixodent Complete Original Denture Adhesive Cream, 2.4 oz, 3 PACK"
37000716501-fixodentcompleteoriginaldentureadhesivecream24oz3pack,"Fixodent Complete Original Denture Adhesive Cream, 2.4 oz, 3 Pack"
29243000028-lamodernapastafideo7ozpackof20,"La Moderna, Pasta Fideo, 7 Oz, (Pack Of 20)"
29700001414-idahoanmashedpotatoesbutteryhomestyle4ouncepackagepackof12,Idahoan Mashed Potatoes Buttery Homestyle 4-Ounce Package (Pack of 12)
27000390146-huntstomatoesauce15oz24pack,Hunts Tomatoe Sauce 15 oz. 24 pack
46500733321-scjohnson73332linglade8ozairfreshenercleanlinenscentpackof12,SC Johnson 73332 LIN Glade 8oz Air Freshener - Clean Linen Scent pack of 12
51000024312-swanson chickenbroth145ozcan,"Swanson Chicken Broth, 14.5 oz. Can"
37000716501-fixodentcompleteoriginaldentureadhesivecream24floz3pk,"Fixodent Complete Original Denture Adhesive Cream (2.4 fl. oz., 3 pk.)"
37297914475-masecainstantcornmasamix44lbs,Maseca Instant Corn Masa Mix (4.4 lbs.)
44600015934-cloroxdisinfectingwipesfreshscent35count,"Clorox Disinfecting Wipes, Fresh Scent, 35 Count"
44600015934-cloroxdisinfectingwipesfreshscent35count,"Clorox Disinfecting Wipes, Fresh Scent, 35 Count"
16000275638-totalcerealwithwholegrainflakes16oz,"Total, Cereal, with Whole Grain Flakes, 16 oz"
44000032197-nabiscochipsahoyoriginalchocolatechipcookies13oz,"Nabisco Chips Ahoy! Original Chocolate Chip Cookies, 13 Oz."
44000034207-belvitasoftbakedbananabreadbreakfastbiscuits88oz,"belVita Soft Baked Banana Bread Breakfast Biscuits, 8.8 Oz."
52100096902-mccormickclassicaujusgravymixseasoningpacket1oz,"McCormick Classic Au Jus Gravy Mix Seasoning Packet, 1 oz"
51500255162-jifcreamypeanutbutter16ounce,"Jif Creamy Peanut Butter, 16-Ounce"
41000003622-liptonrecipesecretsonionflavorsoupanddipmix2oz2count,"Lipton Recipe Secrets Onion Flavor Soup and Dip Mix, 2 oz 2 Count"
78742369457-greatvaluefrenchstylegreenbeans145oz,"Great Value French Style Green Beans, 14.5 Oz"
39400018100-bushsbestpintobeans16oz,"Bushs Best Pinto Beans, 16 oz"
28400641326-doritoscoolranchflavoredtortillachips975oz,"Doritos Cool Ranch Flavored Tortilla Chips, 9.75 Oz."
33200011101-armhammerpurebakingsoda1lb,"Arm & Hammer Pure Baking Soda, 1 lb"
28400589895-cheetoscrunchyflaminhotcheeseflavoredsnacks85ozbag,"Cheetos Crunchy Flamin' Hot Cheese Flavored Snacks, 8.5 oz Bag"
28400147408-sunchipswholegrainsnacksgardensalsa7oz,"SunChips Whole Grain Snacks, Garden Salsa, 7 Oz"
16571910327-talkingrainbeverage9335019eaugazifielafraisekiwiice17oz,Talking Rain Beverage 9335019 Eau gaz-ifi-e - la fraise Kiwi Ice 17 oz
12000809965-mtndewcitrussoda1212flozcans,Mtn Dew Citrus Soda 12-12 fl. oz. Cans
38000138416-pringlesoriginalpotatocrisps52oz,"Pringles Original Potato Crisps, 5.2 oz"
12000809941-pepsi®cola1212flozcans,Pepsi® Cola 12-12 fl. oz. Cans
37600138727-spam®classic12oz,SPAM® Classic 12 oz.
52000208443-gatorade®g®seriesperformcoolbluesportsdrink820flozbottles,Gatorade® G® Series Perform Cool Blue Sports Drink 8-20 fl. oz. Bottles
28400083140-tostitosscoopspartysizetortillachips145oz,"Tostitos Scoops! Party Size Tortilla Chips, 14.5 Oz."
25500005188-folgersclassicroastgroundcoffee51oz,Folgers Classic Roast Ground Coffee (51 oz.)
52000338751-gatorade®fruitpunchthirstquencher32flozplasticbottle,Gatorade® Fruit Punch Thirst Quencher 32 fl. oz. Plastic Bottle
